,Rok,Miesiąc,Dzień,T_MAX,T_MIN,T_ŚR,Suma dobowa opadów,Średnia wilgotność,Średnia prędkość wiatru,Średnie zachmurzenie,Ciśnienie na stacji
0,2019.0,1.0,1.0,6.0,0.2,3.3,8.8,83.0,3.0,6.7,989.2
1,2019.0,1.0,2.0,5.9,-0.2,1.8,0.6,85.5,4.0,8.0,983.3
2,2019.0,1.0,3.0,0.3,-3.2,-2.0,0.6,77.8,3.0,7.3,993.3
3,2019.0,1.0,4.0,-1.0,-3.9,-2.9,4.6,77.3,2.3,6.7,996.1
4,2019.0,1.0,5.0,2.1,-3.2,0.2,3.9,93.3,2.0,7.3,984.5
5,2019.0,1.0,6.0,1.8,-5.0,-2.3,0.5,74.8,3.0,7.3,991.8
6,2019.0,1.0,7.0,-2.4,-5.8,-4.6,0.0,75.0,1.0,5.0,998.7
7,2019.0,1.0,8.0,0.5,-5.4,-2.4,4.6,87.3,1.0,6.0,979.5
8,2019.0,1.0,9.0,2.6,-0.9,0.7,2.0,88.8,1.0,7.7,973.3
9,2019.0,1.0,10.0,0.8,-4.3,-2.2,2.2,89.3,1.7,8.0,985.4
10,2019.0,1.0,11.0,-3.1,-6.3,-5.1,1.1,82.8,2.0,7.3,988.7
11,2019.0,1.0,12.0,2.9,-4.9,0.0,2.0,88.3,2.7,6.7,981.4
12,2019.0,1.0,13.0,3.9,1.1,2.6,5.2,88.8,2.3,8.0,970.5
13,2019.0,1.0,14.0,4.5,-2.0,1.1,1.5,78.3,4.7,7.0,965.3
14,2019.0,1.0,15.0,1.4,-2.5,-0.6,9.7,85.5,3.3,7.0,977.7
15,2019.0,1.0,16.0,4.9,0.5,2.9,1.0,89.5,3.0,8.0,979.5
16,2019.0,1.0,17.0,9.0,-0.5,3.4,0.6,74.8,1.7,5.3,976.2
17,2019.0,1.0,18.0,7.8,0.4,2.9,2.1,77.5,3.3,7.7,983.7
18,2019.0,1.0,19.0,2.5,-4.4,-2.3,0.0,76.0,0.7,2.0,992.0
19,2019.0,1.0,20.0,-0.8,-5.8,-3.5,0.0,80.3,0.7,5.0,988.9
20,2019.0,1.0,21.0,-2.4,-8.2,-5.9,0.0,90.3,0.7,8.0,992.9
21,2019.0,1.0,22.0,-5.5,-8.7,-7.2,0.0,87.3,1.0,6.7,986.2
22,2019.0,1.0,23.0,-3.5,-6.2,-4.9,0.0,83.8,2.7,8.0,977.4
23,2019.0,1.0,24.0,-4.5,-6.2,-5.6,0.8,79.0,3.7,8.0,980.6
24,2019.0,1.0,25.0,-3.5,-6.1,-5.0,0.0,78.3,1.7,8.0,982.8
25,2019.0,1.0,26.0,-1.0,-5.1,-2.9,0.4,81.8,1.0,8.0,978.3
26,2019.0,1.0,27.0,5.9,-1.2,1.5,0.0,77.5,1.3,8.0,970.4
27,2019.0,1.0,28.0,1.9,-2.0,-0.2,6.3,93.3,0.7,7.7,967.2
28,2019.0,1.0,29.0,3.5,-1.8,0.4,0.0,86.3,2.0,5.7,974.9
29,2019.0,1.0,30.0,1.8,-1.0,0.1,0.0,84.0,1.0,7.3,974.9
30,2019.0,1.0,31.0,4.6,-0.3,1.1,0.0,82.5,0.7,4.0,974.6
31,2020.0,1.0,1.0,5.3,0.8,2.6,0.0,75.8,3.0,4.3,1002.4
32,2020.0,1.0,2.0,6.4,-2.0,0.4,0.0,64.5,1.3,4.7,1000.1
33,2020.0,1.0,3.0,5.5,-4.9,0.3,0.0,69.3,2.0,0.7,993.7
34,2020.0,1.0,4.0,6.9,1.0,3.8,3.3,77.5,4.3,7.7,988.6
35,2020.0,1.0,5.0,3.1,0.0,1.3,0.0,67.8,3.0,5.0,998.3
36,2020.0,1.0,6.0,2.4,-3.2,-0.3,0.0,74.8,1.7,6.3,1001.7
37,2020.0,1.0,7.0,3.5,-5.1,-1.3,0.0,76.5,1.3,2.7,997.3
38,2020.0,1.0,8.0,6.6,0.0,2.7,2.7,76.3,2.3,5.7,998.9
39,2020.0,1.0,9.0,6.6,2.4,4.4,6.2,97.0,0.3,7.7,993.8
40,2020.0,1.0,10.0,7.5,0.7,4.0,0.0,80.0,1.3,7.3,990.1
41,2020.0,1.0,11.0,6.8,3.1,4.6,0.5,85.5,3.0,7.3,998.4
42,2020.0,1.0,12.0,6.5,-0.3,2.6,0.0,76.8,1.3,1.7,997.4
43,2020.0,1.0,13.0,6.6,1.2,3.8,0.0,72.0,1.7,7.3,994.5
44,2020.0,1.0,14.0,4.3,-1.8,0.0,0.0,92.8,1.0,2.0,992.7
45,2020.0,1.0,15.0,7.4,-2.4,0.9,0.0,83.3,0.3,1.3,994.3
46,2020.0,1.0,16.0,3.9,-2.3,0.8,0.0,88.3,1.0,5.0,1000.8
47,2020.0,1.0,17.0,1.7,-2.9,-0.8,0.0,99.0,1.3,8.0,998.0
48,2020.0,1.0,18.0,2.9,-2.3,0.3,1.5,90.8,1.3,6.7,995.0
49,2020.0,1.0,19.0,3.9,0.4,2.3,0.1,94.0,1.0,8.0,1001.0
50,2020.0,1.0,20.0,3.9,0.2,2.1,0.0,80.5,1.7,7.7,1014.2
51,2020.0,1.0,21.0,5.2,-0.3,1.7,0.0,73.5,2.7,0.3,1010.8
52,2020.0,1.0,22.0,3.4,-1.5,0.4,0.8,80.8,3.3,6.7,1000.4
53,2020.0,1.0,23.0,4.9,-1.3,0.6,0.0,86.0,1.3,3.3,1003.4
54,2020.0,1.0,24.0,5.7,-5.1,-1.1,0.0,79.8,1.7,2.0,995.3
55,2020.0,1.0,25.0,4.4,-3.7,-1.0,0.0,81.0,1.3,0.3,993.1
56,2020.0,1.0,26.0,2.0,-2.3,-0.9,0.0,85.0,0.7,7.7,992.0
57,2020.0,1.0,27.0,5.1,-3.4,-0.3,0.0,85.3,1.0,3.0,987.1
58,2020.0,1.0,28.0,6.5,-3.2,1.1,0.7,91.3,0.7,7.3,974.8
59,2020.0,1.0,29.0,6.3,1.8,3.4,0.1,64.8,4.3,5.3,975.1
60,2020.0,1.0,30.0,7.0,1.8,3.6,2.6,79.8,4.0,7.7,982.5
61,2020.0,1.0,31.0,9.5,1.4,6.1,2.6,84.5,3.7,8.0,976.8
62,2021.0,1.0,1.0,0.5,-1.2,-0.5,0.0,95.8,0.7,8.0,981.8
63,2021.0,1.0,2.0,4.4,-1.6,0.8,0.0,92.3,0.7,6.7,986.4
64,2021.0,1.0,3.0,4.0,-0.9,1.1,0.0,92.0,1.0,7.3,984.7
65,2021.0,1.0,4.0,4.9,-0.7,1.7,7.1,94.5,1.7,5.0,985.3
66,2021.0,1.0,5.0,3.7,1.4,2.5,4.3,94.8,1.7,8.0,981.2
67,2021.0,1.0,6.0,3.7,-0.4,1.3,1.9,91.0,0.7,5.7,982.1
68,2021.0,1.0,7.0,2.3,0.7,1.3,0.3,87.3,2.0,7.3,982.5
69,2021.0,1.0,8.0,3.6,-1.3,0.3,0.0,76.8,0.7,4.7,985.2
70,2021.0,1.0,9.0,2.8,-1.6,0.2,0.0,81.5,1.3,7.7,989.8
71,2021.0,1.0,10.0,2.9,-2.7,-0.8,0.0,80.5,0.7,3.7,994.2
72,2021.0,1.0,11.0,1.8,-6.3,-3.4,0.0,80.8,0.7,1.0,992.5
73,2021.0,1.0,12.0,3.5,-8.0,-2.5,2.5,77.8,0.7,4.7,981.0
74,2021.0,1.0,13.0,2.3,-0.8,0.4,8.9,90.0,3.3,8.0,978.2
75,2021.0,1.0,14.0,1.3,-1.1,-0.2,2.9,91.5,1.0,8.0,978.8
76,2021.0,1.0,15.0,-0.2,-4.9,-3.3,3.5,73.5,1.3,7.7,988.2
77,2021.0,1.0,16.0,-2.2,-6.8,-5.0,2.5,85.0,2.7,8.0,988.5
78,2021.0,1.0,17.0,-4.4,-11.1,-8.9,0.3,80.8,0.7,8.0,988.6
79,2021.0,1.0,18.0,-6.0,-11.0,-9.0,4.5,76.5,1.3,5.0,992.4
80,2021.0,1.0,19.0,2.4,-8.4,-2.3,1.3,89.0,0.7,8.0,986.0
81,2021.0,1.0,20.0,9.4,0.0,3.2,0.0,85.8,1.0,5.3,982.1
82,2021.0,1.0,21.0,10.2,-3.4,1.3,0.0,81.5,0.0,3.0,979.0
83,2021.0,1.0,22.0,12.3,-2.2,3.9,0.7,85.8,1.7,6.7,973.3
84,2021.0,1.0,23.0,10.3,1.0,5.3,0.1,84.5,1.7,7.7,969.6
85,2021.0,1.0,24.0,7.1,1.6,3.5,0.0,82.0,2.7,6.7,968.2
86,2021.0,1.0,25.0,3.1,0.2,1.3,0.8,76.3,2.3,8.0,971.8
87,2021.0,1.0,26.0,1.9,-1.7,-0.4,1.0,85.3,2.0,5.7,980.7
88,2021.0,1.0,27.0,0.8,-1.9,-0.6,0.8,85.0,2.7,7.7,984.1
89,2021.0,1.0,28.0,4.0,-5.7,-1.3,0.9,75.8,1.0,5.3,977.7
90,2021.0,1.0,29.0,3.0,-1.4,0.1,4.3,64.5,2.0,5.3,970.2
91,2021.0,1.0,30.0,2.8,-2.3,-0.6,2.1,85.3,3.0,8.0,969.1
92,2021.0,1.0,31.0,-0.4,-5.5,-4.0,0.0,69.8,1.0,3.3,977.8
93,2019.0,2.0,1.0,8.2,-5.0,0.7,0.1,77.8,2.0,4.3,973.8
94,2019.0,2.0,2.0,13.0,2.6,7.3,0.4,70.5,2.0,7.0,971.3
95,2019.0,2.0,3.0,9.7,3.0,4.9,2.4,94.8,0.7,7.3,978.2
96,2019.0,2.0,4.0,3.8,0.6,1.5,0.1,88.3,1.7,8.0,996.5
97,2019.0,2.0,5.0,6.3,-1.5,0.9,0.0,81.8,1.0,0.7,999.0
98,2019.0,2.0,6.0,5.1,-1.7,0.6,0.0,75.0,1.0,3.7,999.2
99,2019.0,2.0,7.0,8.3,-5.0,-0.1,0.0,78.0,0.3,1.3,990.3
100,2019.0,2.0,8.0,7.6,-3.3,1.1,0.0,79.8,0.7,4.7,990.6
101,2019.0,2.0,9.0,9.2,-3.6,1.7,0.0,77.8,0.7,4.7,985.9
102,2019.0,2.0,10.0,12.8,-1.4,4.4,2.7,70.0,1.3,5.3,980.6
103,2019.0,2.0,11.0,7.7,3.5,4.7,0.7,80.0,3.0,7.0,975.6
104,2019.0,2.0,12.0,3.8,1.0,2.1,0.0,63.0,3.7,6.7,991.4
105,2019.0,2.0,13.0,4.4,-0.3,2.1,0.1,81.8,3.3,8.0,1000.9
106,2019.0,2.0,14.0,8.9,4.1,5.6,0.0,82.8,2.3,5.3,1004.1
107,2019.0,2.0,15.0,9.2,4.4,6.0,0.0,81.5,1.7,5.0,1003.7
108,2019.0,2.0,16.0,14.4,0.9,5.5,0.0,64.3,1.3,1.0,999.9
109,2019.0,2.0,17.0,15.5,-1.0,5.2,0.0,64.0,1.3,0.7,996.7
110,2019.0,2.0,18.0,16.4,-1.6,5.1,0.0,67.3,0.7,1.3,993.6
111,2019.0,2.0,19.0,14.7,-2.3,4.8,1.0,68.0,1.7,0.3,988.4
112,2019.0,2.0,20.0,9.0,3.4,6.2,0.0,65.3,3.3,6.7,991.4
113,2019.0,2.0,21.0,10.4,4.8,6.6,5.3,67.5,3.7,7.7,994.2
114,2019.0,2.0,22.0,5.7,-2.7,0.4,0.0,69.8,3.7,4.0,1000.5
115,2019.0,2.0,23.0,1.0,-6.9,-3.6,0.0,58.3,1.0,3.3,1013.4
116,2019.0,2.0,24.0,3.3,-4.1,-0.2,0.0,61.5,2.7,6.3,1008.6
117,2019.0,2.0,25.0,10.9,1.2,5.3,0.0,50.0,3.0,2.7,1003.9
118,2019.0,2.0,26.0,11.5,5.0,7.4,0.0,64.0,3.0,5.3,997.6
119,2019.0,2.0,27.0,9.2,-0.4,3.9,0.0,75.8,2.0,2.7,996.0
120,2019.0,2.0,28.0,15.8,1.2,7.7,0.0,55.5,3.3,1.3,980.2
121,2020.0,2.0,1.0,14.4,8.1,10.1,3.0,72.8,2.0,5.3,979.0
122,2020.0,2.0,2.0,12.8,6.6,8.4,5.1,76.5,3.7,7.7,978.3
123,2020.0,2.0,3.0,7.8,5.0,6.2,4.6,87.0,3.0,6.3,978.7
124,2020.0,2.0,4.0,6.5,2.2,4.5,16.4,92.5,2.0,7.7,972.8
125,2020.0,2.0,5.0,3.8,-0.5,1.4,0.3,71.0,3.0,4.0,989.2
126,2020.0,2.0,6.0,1.8,-2.5,0.1,0.7,83.0,3.7,8.0,996.1
127,2020.0,2.0,7.0,4.1,-0.9,1.4,0.2,78.8,1.7,4.0,998.1
128,2020.0,2.0,8.0,7.5,-5.5,-0.5,0.0,71.0,1.3,0.3,999.5
129,2020.0,2.0,9.0,11.2,-3.8,1.8,0.0,74.8,1.3,2.0,993.3
130,2020.0,2.0,10.0,14.1,-0.2,7.2,3.5,59.5,3.3,6.0,971.6
131,2020.0,2.0,11.0,7.3,2.6,5.0,4.4,62.0,3.7,5.0,971.2
132,2020.0,2.0,12.0,5.5,1.7,3.2,0.6,69.0,5.0,6.0,981.3
133,2020.0,2.0,13.0,7.1,1.3,3.0,0.5,60.0,2.0,2.0,987.1
134,2020.0,2.0,14.0,7.2,0.8,4.2,0.0,80.8,1.7,8.0,985.5
135,2020.0,2.0,15.0,9.5,1.7,4.4,0.0,71.8,1.0,3.7,997.8
136,2020.0,2.0,16.0,14.4,-1.8,4.6,0.0,70.3,0.7,6.3,992.6
137,2020.0,2.0,17.0,16.9,3.1,8.9,2.1,60.0,1.3,7.0,987.9
138,2020.0,2.0,18.0,11.1,5.8,7.6,0.9,75.8,2.3,4.0,991.6
139,2020.0,2.0,19.0,11.0,0.7,5.1,1.4,68.0,2.0,7.3,989.1
140,2020.0,2.0,20.0,6.5,1.9,3.3,0.1,83.5,1.7,5.0,992.4
141,2020.0,2.0,21.0,5.8,-1.5,2.7,3.3,78.3,2.7,6.0,990.8
142,2020.0,2.0,22.0,10.7,-1.8,4.0,0.0,69.8,1.7,4.3,994.4
143,2020.0,2.0,23.0,10.9,5.2,8.3,17.1,78.3,1.3,8.0,982.4
144,2020.0,2.0,24.0,11.8,1.5,4.8,3.2,74.0,2.7,6.3,985.5
145,2020.0,2.0,25.0,10.8,2.8,7.1,1.0,87.8,1.7,8.0,974.2
146,2020.0,2.0,26.0,9.2,4.1,6.1,0.2,80.3,2.3,7.7,967.6
147,2020.0,2.0,27.0,6.5,0.7,2.6,0.7,79.3,2.3,4.7,974.3
148,2020.0,2.0,28.0,5.5,-0.8,1.9,0.1,82.5,2.3,7.3,980.2
149,2020.0,2.0,29.0,9.0,-0.7,3.7,0.2,67.3,1.7,7.0,981.1
150,2021.0,2.0,1.0,-2.8,-10.6,-6.7,0.0,84.5,2.7,6.3,975.8
151,2021.0,2.0,2.0,3.7,-7.1,-2.0,1.9,76.5,0.3,7.3,978.1
152,2021.0,2.0,3.0,11.9,0.7,5.3,5.9,88.8,1.7,7.3,976.3
153,2021.0,2.0,4.0,9.2,2.6,5.9,1.8,76.5,3.7,7.3,979.9
154,2021.0,2.0,5.0,3.2,-0.6,0.7,0.6,82.3,2.0,8.0,990.3
155,2021.0,2.0,6.0,0.0,-3.3,-2.0,1.5,71.5,3.7,7.7,988.9
156,2021.0,2.0,7.0,-1.9,-8.4,-6.4,12.7,87.0,5.0,8.0,982.0
157,2021.0,2.0,8.0,-5.0,-7.9,-6.2,3.1,86.5,2.0,8.0,970.4
158,2021.0,2.0,9.0,-2.3,-9.0,-5.6,0.0,85.3,1.3,6.7,974.5
159,2021.0,2.0,10.0,-1.6,-5.2,-3.8,5.1,85.8,1.0,8.0,978.3
160,2021.0,2.0,11.0,-3.0,-10.6,-7.9,0.1,74.3,2.3,6.0,989.4
161,2021.0,2.0,12.0,-6.4,-12.5,-10.1,0.4,74.3,2.0,5.3,999.3
162,2021.0,2.0,13.0,-3.0,-12.0,-6.9,0.1,81.8,3.7,7.3,1003.5
163,2021.0,2.0,14.0,-1.4,-4.8,-3.9,0.0,78.3,4.0,3.3,1006.8
164,2021.0,2.0,15.0,-0.8,-7.8,-5.4,0.0,78.0,2.0,3.0,1005.7
165,2021.0,2.0,16.0,-0.5,-9.1,-4.9,0.1,80.8,0.7,7.7,994.6
166,2021.0,2.0,17.0,3.0,-1.8,0.9,2.5,89.0,2.3,8.0,986.2
167,2021.0,2.0,18.0,3.7,0.0,1.7,0.6,93.0,1.7,8.0,991.8
168,2021.0,2.0,19.0,3.5,-2.0,0.4,1.1,95.5,1.0,7.7,991.5
169,2021.0,2.0,20.0,10.1,0.8,4.1,0.0,80.3,1.0,5.0,996.1
170,2021.0,2.0,21.0,11.8,-3.0,2.7,0.0,76.8,0.3,1.0,996.3
171,2021.0,2.0,22.0,12.3,-2.3,3.2,0.0,83.3,0.7,0.0,996.7
172,2021.0,2.0,23.0,11.2,-0.9,4.6,0.0,84.8,1.3,5.0,1004.0
173,2021.0,2.0,24.0,18.3,1.2,7.6,0.0,75.3,1.0,2.3,1005.7
174,2021.0,2.0,25.0,20.1,0.4,7.9,0.0,76.8,0.7,0.0,1001.3
175,2021.0,2.0,26.0,18.6,2.6,8.7,6.2,75.5,2.7,2.7,997.1
176,2021.0,2.0,27.0,10.6,2.4,5.7,0.0,81.8,2.7,5.7,1001.9
177,2021.0,2.0,28.0,8.3,1.0,4.1,0.0,78.0,2.3,3.0,1004.5
178,2019.0,3.0,1.0,11.2,1.8,5.2,0.0,73.5,2.3,5.7,980.5
179,2019.0,3.0,2.0,5.9,-3.0,1.2,0.0,66.5,1.3,5.7,986.7
180,2019.0,3.0,3.0,10.9,1.7,6.0,0.0,69.5,1.7,7.3,983.4
181,2019.0,3.0,4.0,17.8,7.5,12.2,1.0,50.3,1.7,6.3,972.8
182,2019.0,3.0,5.0,14.2,4.9,7.7,2.9,58.8,4.0,4.7,975.9
183,2019.0,3.0,6.0,12.1,3.0,6.3,0.0,65.0,2.0,1.7,985.5
184,2019.0,3.0,7.0,16.4,2.0,8.7,0.4,58.5,1.3,6.0,976.7
185,2019.0,3.0,8.0,15.7,7.7,10.7,0.0,53.5,2.7,4.3,982.3
186,2019.0,3.0,9.0,12.9,3.4,7.4,4.5,63.3,2.3,6.3,984.0
187,2019.0,3.0,10.0,10.2,3.9,6.6,1.1,60.5,2.3,5.7,976.8
188,2019.0,3.0,11.0,9.6,0.7,3.7,4.2,71.5,3.0,6.3,980.2
189,2019.0,3.0,12.0,6.5,0.6,2.9,0.0,76.8,2.7,4.7,989.2
190,2019.0,3.0,13.0,9.1,-1.0,4.1,0.0,62.5,1.3,7.3,981.6
191,2019.0,3.0,14.0,9.7,3.3,5.9,1.3,65.5,2.0,4.7,976.9
192,2019.0,3.0,15.0,9.6,4.2,6.4,4.4,79.5,3.0,6.7,972.8
193,2019.0,3.0,16.0,10.4,6.3,7.8,0.3,54.3,5.3,6.7,976.6
194,2019.0,3.0,17.0,21.9,6.2,12.4,0.7,54.0,1.7,3.3,977.3
195,2019.0,3.0,18.0,13.4,4.8,7.7,0.0,76.0,1.7,7.3,984.7
196,2019.0,3.0,19.0,8.4,0.1,3.9,0.0,62.8,1.3,3.3,995.2
197,2019.0,3.0,20.0,10.4,-2.0,3.4,0.0,66.3,1.3,2.0,1003.4
198,2019.0,3.0,21.0,10.1,-0.5,5.2,0.0,64.5,1.7,7.3,1004.8
199,2019.0,3.0,22.0,12.4,6.6,9.3,0.0,75.8,1.7,7.7,1003.2
200,2019.0,3.0,23.0,18.4,2.9,9.3,0.0,79.5,1.3,2.7,998.2
201,2019.0,3.0,24.0,14.4,6.3,9.7,0.7,65.5,1.3,5.3,993.3
202,2019.0,3.0,25.0,11.0,3.6,6.4,3.3,75.8,2.7,7.3,984.5
203,2019.0,3.0,26.0,9.7,2.9,5.7,0.2,67.0,3.3,7.3,991.0
204,2019.0,3.0,27.0,10.5,-1.0,4.3,0.5,56.8,2.0,0.7,998.5
205,2019.0,3.0,28.0,9.8,2.0,5.8,0.6,86.0,1.7,5.0,1001.2
206,2019.0,3.0,29.0,13.8,0.7,6.6,0.0,76.8,2.0,5.7,1002.6
207,2019.0,3.0,30.0,18.4,1.0,8.8,0.0,68.3,0.7,1.3,995.9
208,2019.0,3.0,31.0,20.3,2.6,10.5,0.0,62.5,1.7,0.7,990.7
209,2020.0,3.0,1.0,11.6,3.1,6.9,1.0,70.3,1.3,7.3,975.8
210,2020.0,3.0,2.0,9.5,4.1,6.0,0.9,84.5,1.7,5.3,969.7
211,2020.0,3.0,3.0,12.5,2.4,7.0,1.2,84.0,1.3,7.7,971.0
212,2020.0,3.0,4.0,8.5,3.9,5.3,0.1,70.8,1.3,8.0,981.4
213,2020.0,3.0,5.0,10.9,-1.9,3.3,0.0,70.3,0.7,0.7,980.0
214,2020.0,3.0,6.0,10.1,-1.7,4.2,1.0,73.5,0.7,7.7,971.7
215,2020.0,3.0,7.0,9.2,3.1,5.3,0.0,77.3,1.7,7.3,980.8
216,2020.0,3.0,8.0,7.5,2.8,4.3,0.0,78.0,1.3,5.3,990.7
217,2020.0,3.0,9.0,11.8,-2.8,3.1,0.0,73.3,0.7,0.7,985.9
218,2020.0,3.0,10.0,13.4,-0.3,5.9,1.6,73.8,1.0,4.0,984.2
219,2020.0,3.0,11.0,13.7,5.9,9.4,0.8,82.8,3.0,5.0,981.1
220,2020.0,3.0,12.0,18.0,5.0,11.5,1.9,68.5,2.7,5.3,982.3
221,2020.0,3.0,13.0,15.0,5.0,8.6,0.0,70.3,2.7,3.3,984.4
222,2020.0,3.0,14.0,8.2,2.4,4.3,0.0,51.0,3.0,3.3,992.9
223,2020.0,3.0,15.0,9.0,-4.7,1.4,0.0,51.3,2.3,0.0,999.4
224,2020.0,3.0,16.0,14.3,-4.6,4.2,0.0,46.8,2.0,3.3,995.7
225,2020.0,3.0,17.0,17.6,0.7,7.9,0.0,54.8,1.0,1.0,998.5
226,2020.0,3.0,18.0,19.1,5.7,11.0,0.0,61.0,1.7,2.0,999.3
227,2020.0,3.0,19.0,20.0,3.5,10.6,0.0,66.8,1.7,1.0,995.9
228,2020.0,3.0,20.0,14.9,9.4,11.4,4.1,71.8,1.3,8.0,993.5
229,2020.0,3.0,21.0,11.3,2.4,5.1,0.8,77.5,3.3,7.7,994.4
230,2020.0,3.0,22.0,3.8,-2.3,-0.1,0.0,58.8,3.0,5.7,1000.6
231,2020.0,3.0,23.0,4.4,-3.2,-0.1,0.0,45.8,3.3,5.7,1005.2
232,2020.0,3.0,24.0,5.4,-3.9,0.3,0.0,45.5,4.0,0.0,1006.1
233,2020.0,3.0,25.0,7.5,-3.3,1.7,0.0,40.3,3.7,0.7,1003.1
234,2020.0,3.0,26.0,12.5,-0.4,5.6,0.0,47.5,3.3,6.3,998.7
235,2020.0,3.0,27.0,16.8,0.3,8.0,0.0,47.0,2.7,0.0,993.6
236,2020.0,3.0,28.0,17.3,0.2,8.1,0.0,51.8,1.3,0.7,986.9
237,2020.0,3.0,29.0,13.8,2.7,7.6,3.1,61.3,2.3,7.0,984.7
238,2020.0,3.0,30.0,8.1,-1.3,1.7,0.0,60.0,2.3,4.0,993.4
239,2020.0,3.0,31.0,6.5,-3.4,0.7,0.0,62.0,1.3,3.3,996.3
240,2021.0,3.0,1.0,6.6,3.4,4.7,0.0,77.3,1.3,7.7,1005.3
241,2021.0,3.0,2.0,14.1,-0.9,5.0,0.0,75.8,2.0,4.0,1004.8
242,2021.0,3.0,3.0,18.5,-1.4,6.5,0.0,67.0,1.3,1.0,999.1
243,2021.0,3.0,4.0,11.2,3.5,6.8,7.8,71.5,2.7,8.0,987.4
244,2021.0,3.0,5.0,8.3,0.3,2.5,1.3,83.0,1.7,6.3,990.0
245,2021.0,3.0,6.0,5.0,-3.9,-0.2,0.0,76.8,1.3,2.0,1000.2
246,2021.0,3.0,7.0,7.5,-2.3,1.7,0.0,60.0,3.0,3.0,992.4
247,2021.0,3.0,8.0,3.9,-0.6,0.8,1.5,82.3,1.3,5.7,989.8
248,2021.0,3.0,9.0,4.1,-5.5,-1.6,0.0,75.3,1.3,5.7,992.3
249,2021.0,3.0,10.0,3.7,-5.9,-2.2,0.0,69.0,1.3,1.0,991.9
250,2021.0,3.0,11.0,6.8,-6.7,-0.3,0.8,64.0,1.3,7.0,984.3
251,2021.0,3.0,12.0,10.0,2.5,5.7,1.2,78.3,2.0,4.7,978.5
252,2021.0,3.0,13.0,13.0,-1.3,5.7,0.0,59.5,2.3,6.3,978.0
253,2021.0,3.0,14.0,10.9,5.7,7.3,0.0,60.0,2.3,4.7,976.4
254,2021.0,3.0,15.0,9.2,-0.2,3.9,0.0,73.5,1.0,6.0,979.8
255,2021.0,3.0,16.0,7.3,-2.4,1.8,7.2,91.3,1.3,5.7,982.2
256,2021.0,3.0,17.0,6.2,2.6,3.8,0.1,72.8,2.3,7.3,986.8
257,2021.0,3.0,18.0,5.9,0.6,2.3,0.0,67.3,1.7,4.7,988.9
258,2021.0,3.0,19.0,4.5,-3.4,-0.2,0.9,80.5,1.7,6.3,988.2
259,2021.0,3.0,20.0,2.2,-3.9,-1.4,0.0,59.3,1.7,6.3,993.8
260,2021.0,3.0,21.0,1.8,-5.5,-1.9,0.9,78.3,2.3,6.0,985.5
261,2021.0,3.0,22.0,6.2,-0.4,2.0,0.0,69.0,2.3,5.3,985.9
262,2021.0,3.0,23.0,8.5,-1.0,3.9,0.5,67.8,2.0,7.7,990.6
263,2021.0,3.0,24.0,7.1,4.0,5.4,0.0,78.5,1.7,8.0,993.6
264,2021.0,3.0,25.0,10.8,3.3,6.0,0.0,74.5,0.3,6.0,992.9
265,2021.0,3.0,26.0,15.6,-0.9,6.7,0.0,70.3,1.7,1.0,993.4
266,2021.0,3.0,27.0,19.7,1.5,8.6,2.7,69.5,2.0,5.7,991.8
267,2021.0,3.0,28.0,10.9,3.0,6.3,0.0,64.3,2.3,4.3,1000.6
268,2021.0,3.0,29.0,14.1,0.3,7.0,4.8,69.5,1.7,7.7,1002.1
269,2021.0,3.0,30.0,16.7,8.3,11.8,1.5,87.5,0.3,5.7,1001.0
270,2021.0,3.0,31.0,23.1,5.4,13.2,0.0,75.5,0.7,1.3,996.0
271,2019.0,4.0,1.0,14.1,4.4,7.7,0.0,49.8,3.3,1.0,996.2
272,2019.0,4.0,2.0,15.9,0.5,7.5,0.0,40.5,3.3,0.0,990.9
273,2019.0,4.0,3.0,19.2,2.1,10.3,0.0,47.8,2.3,4.7,982.7
274,2019.0,4.0,4.0,20.4,4.4,11.8,0.0,49.0,2.7,2.0,978.5
275,2019.0,4.0,5.0,21.8,8.2,13.8,0.0,50.5,1.7,3.7,978.8
276,2019.0,4.0,6.0,15.2,8.0,10.4,9.2,73.8,1.7,7.7,979.6
277,2019.0,4.0,7.0,16.2,4.8,9.9,0.0,80.3,1.0,3.3,979.6
278,2019.0,4.0,8.0,18.1,4.1,10.4,0.0,78.0,1.7,1.7,980.0
279,2019.0,4.0,9.0,18.4,8.2,12.7,0.0,56.5,2.3,3.3,980.6
280,2019.0,4.0,10.0,14.4,3.5,7.8,0.0,61.8,2.7,7.7,984.8
281,2019.0,4.0,11.0,8.6,3.2,5.1,2.6,79.3,2.0,8.0,989.4
282,2019.0,4.0,12.0,4.5,2.0,2.9,5.7,88.3,2.3,8.0,991.9
283,2019.0,4.0,13.0,6.5,2.1,4.2,0.7,85.3,1.7,8.0,991.0
284,2019.0,4.0,14.0,14.2,2.6,8.2,0.0,51.8,3.3,4.0,991.3
285,2019.0,4.0,15.0,12.6,1.5,6.7,0.0,49.0,2.0,0.7,995.2
286,2019.0,4.0,16.0,14.8,-1.1,7.0,0.2,49.8,2.3,1.3,994.6
287,2019.0,4.0,17.0,15.5,5.1,9.9,0.0,67.8,1.0,5.0,996.4
288,2019.0,4.0,18.0,18.7,2.8,10.8,0.0,60.8,1.7,0.7,1000.8
289,2019.0,4.0,19.0,20.7,3.7,11.9,0.0,49.8,1.3,0.0,1001.7
290,2019.0,4.0,20.0,22.2,3.1,12.1,0.0,42.3,2.0,3.7,998.9
291,2019.0,4.0,21.0,19.6,4.0,11.2,0.2,49.5,1.0,2.3,993.0
292,2019.0,4.0,22.0,16.4,8.0,11.7,1.5,68.8,3.3,4.3,988.9
293,2019.0,4.0,23.0,18.7,6.8,12.6,0.0,54.0,3.3,5.0,988.0
294,2019.0,4.0,24.0,18.6,11.2,14.7,0.0,60.5,2.7,5.3,986.7
295,2019.0,4.0,25.0,27.4,9.5,18.2,0.0,55.0,2.0,1.7,985.9
296,2019.0,4.0,26.0,28.7,10.3,19.3,0.1,50.0,1.7,6.0,982.3
297,2019.0,4.0,27.0,23.4,12.3,15.3,13.9,78.3,2.3,8.0,983.2
298,2019.0,4.0,28.0,12.5,9.3,10.4,34.2,95.8,2.7,8.0,985.1
299,2019.0,4.0,29.0,11.0,8.9,10.1,12.7,95.5,1.7,8.0,983.3
300,2019.0,4.0,30.0,13.7,10.0,11.6,4.2,95.0,0.7,7.0,981.9
301,2020.0,4.0,1.0,8.4,-2.8,2.1,0.0,63.8,1.7,0.3,992.6
302,2020.0,4.0,2.0,13.4,-3.1,4.8,0.0,41.8,2.0,0.0,984.4
303,2020.0,4.0,3.0,13.0,-0.2,6.5,0.0,42.3,2.0,4.7,983.8
304,2020.0,4.0,4.0,13.7,0.5,6.5,0.0,49.3,0.3,2.0,995.9
305,2020.0,4.0,5.0,14.8,-1.1,6.8,0.0,48.0,2.3,0.7,1002.6
306,2020.0,4.0,6.0,20.4,0.1,9.6,0.0,41.0,1.3,0.0,1001.6
307,2020.0,4.0,7.0,21.5,2.8,11.1,0.0,41.0,0.7,0.0,1003.2
308,2020.0,4.0,8.0,23.0,1.9,11.8,0.0,35.5,0.3,0.0,999.9
309,2020.0,4.0,9.0,23.1,3.7,12.8,0.0,36.8,2.0,0.7,992.5
310,2020.0,4.0,10.0,17.2,7.5,11.2,0.0,53.3,1.3,3.3,995.1
311,2020.0,4.0,11.0,17.2,2.0,8.9,0.0,48.3,0.7,0.7,996.1
312,2020.0,4.0,12.0,22.1,1.8,11.2,0.0,42.8,0.7,0.7,990.8
313,2020.0,4.0,13.0,22.2,6.6,12.2,0.8,67.3,2.7,7.3,981.7
314,2020.0,4.0,14.0,9.3,2.6,5.3,0.1,54.0,1.7,5.3,988.6
315,2020.0,4.0,15.0,14.2,0.3,7.6,0.0,43.3,3.7,4.7,992.1
316,2020.0,4.0,16.0,22.2,3.8,13.2,0.0,39.5,3.0,2.3,987.8
317,2020.0,4.0,17.0,18.8,5.1,11.4,0.0,48.8,1.0,5.7,986.8
318,2020.0,4.0,18.0,17.3,1.8,9.2,0.0,37.3,1.7,0.3,988.7
319,2020.0,4.0,19.0,15.7,1.9,8.5,0.0,37.3,1.3,5.3,989.6
320,2020.0,4.0,20.0,14.5,0.6,7.7,0.0,47.5,1.7,0.3,995.2
321,2020.0,4.0,21.0,14.9,0.8,8.1,0.0,42.0,3.0,0.0,996.0
322,2020.0,4.0,22.0,17.3,1.1,9.3,0.0,46.5,2.0,1.3,996.1
323,2020.0,4.0,23.0,21.0,2.4,11.6,0.0,45.5,0.7,1.0,993.0
324,2020.0,4.0,24.0,22.4,3.9,13.3,0.0,43.0,2.0,5.7,981.8
325,2020.0,4.0,25.0,17.8,8.6,12.5,2.3,49.8,3.0,7.3,976.6
326,2020.0,4.0,26.0,15.5,4.9,10.1,0.0,47.8,0.7,3.7,982.8
327,2020.0,4.0,27.0,20.3,2.6,11.3,0.0,49.3,1.0,1.3,983.6
328,2020.0,4.0,28.0,23.5,5.7,14.5,0.0,49.0,1.3,2.0,979.2
329,2020.0,4.0,29.0,25.4,8.1,15.1,3.2,64.3,1.3,6.7,975.5
330,2020.0,4.0,30.0,20.2,11.0,14.6,0.0,71.8,1.3,5.7,979.7
331,2021.0,4.0,1.0,23.4,7.2,14.0,3.8,68.3,2.3,5.3,986.3
332,2021.0,4.0,2.0,15.7,4.8,8.6,0.0,76.3,2.0,4.7,986.0
333,2021.0,4.0,3.0,8.5,2.7,4.7,2.8,85.3,1.7,6.0,986.6
334,2021.0,4.0,4.0,8.6,1.2,4.0,0.0,70.5,1.3,5.0,990.8
335,2021.0,4.0,5.0,15.2,-1.6,7.3,3.1,52.0,4.3,5.0,976.1
336,2021.0,4.0,6.0,12.3,0.0,3.6,0.2,74.3,2.7,6.0,977.3
337,2021.0,4.0,7.0,5.4,-2.8,1.2,1.1,79.3,2.0,4.7,980.5
338,2021.0,4.0,8.0,6.8,-1.6,1.9,0.9,89.3,1.3,6.3,989.6
339,2021.0,4.0,9.0,12.8,-2.3,5.2,0.0,57.5,1.7,3.3,992.9
340,2021.0,4.0,10.0,20.4,2.4,10.8,0.0,46.0,1.7,3.7,988.1
341,2021.0,4.0,11.0,20.2,3.9,10.7,2.2,62.8,1.7,5.0,988.5
342,2021.0,4.0,12.0,17.9,6.0,10.9,6.5,68.8,2.0,5.7,988.8
343,2021.0,4.0,13.0,10.4,1.5,4.0,13.9,87.5,1.7,8.0,995.0
344,2021.0,4.0,14.0,4.6,0.2,2.4,2.9,88.5,1.7,7.7,992.5
345,2021.0,4.0,15.0,3.9,1.3,2.4,7.9,92.0,2.7,8.0,990.4
346,2021.0,4.0,16.0,4.0,1.3,2.7,11.3,94.3,3.0,7.7,989.6
347,2021.0,4.0,17.0,5.5,2.7,4.1,2.2,93.5,1.7,8.0,990.5
348,2021.0,4.0,18.0,9.5,4.4,6.8,1.9,87.0,0.7,8.0,990.2
349,2021.0,4.0,19.0,12.5,4.0,7.6,3.9,91.5,1.7,8.0,988.0
350,2021.0,4.0,20.0,15.1,3.9,9.1,0.1,79.3,1.0,6.0,985.3
351,2021.0,4.0,21.0,17.7,7.2,11.3,0.5,68.3,2.0,6.7,984.9
352,2021.0,4.0,22.0,11.8,4.9,8.9,2.4,69.8,2.3,4.7,987.5
353,2021.0,4.0,23.0,10.3,2.2,6.1,2.3,74.0,3.0,6.0,993.6
354,2021.0,4.0,24.0,12.5,3.6,8.3,0.0,55.5,2.3,5.7,993.8
355,2021.0,4.0,25.0,11.6,5.0,7.5,0.0,54.5,1.7,5.0,991.2
356,2021.0,4.0,26.0,11.0,-0.2,5.0,0.0,54.0,2.3,3.3,990.3
357,2021.0,4.0,27.0,11.7,-0.9,5.8,0.0,46.5,2.7,0.7,987.0
358,2021.0,4.0,28.0,16.8,-0.2,8.7,0.0,45.5,2.7,2.3,983.0
359,2021.0,4.0,29.0,21.0,3.3,12.7,3.7,54.0,1.3,5.7,978.8
360,2021.0,4.0,30.0,19.8,10.8,14.7,3.6,68.3,1.3,6.0,981.5
361,2019.0,5.0,1.0,19.1,6.6,12.4,0.4,67.3,2.3,4.0,980.0
362,2019.0,5.0,2.0,20.7,9.1,14.8,0.2,57.3,3.0,3.3,977.0
363,2019.0,5.0,3.0,16.7,8.1,11.2,0.1,75.0,1.3,7.7,978.1
364,2019.0,5.0,4.0,16.4,5.9,11.2,1.2,63.3,2.0,6.0,977.7
365,2019.0,5.0,5.0,13.9,3.9,7.1,2.6,89.5,1.7,8.0,982.0
366,2019.0,5.0,6.0,10.5,5.9,8.1,0.0,55.0,1.7,8.0,984.4
367,2019.0,5.0,7.0,13.7,6.1,9.6,0.0,53.8,1.7,4.3,987.3
368,2019.0,5.0,8.0,17.0,2.9,10.1,0.2,58.5,1.7,3.3,985.5
369,2019.0,5.0,9.0,13.0,6.3,9.3,4.3,83.5,1.0,8.0,977.2
370,2019.0,5.0,10.0,19.2,6.9,12.2,0.0,75.5,2.0,5.3,979.5
371,2019.0,5.0,11.0,21.2,9.9,15.2,0.0,58.3,2.3,3.3,984.2
372,2019.0,5.0,12.0,19.7,9.8,13.4,4.4,76.3,2.3,7.0,991.2
373,2019.0,5.0,13.0,11.0,6.9,8.1,9.5,80.3,1.3,8.0,1001.0
374,2019.0,5.0,14.0,7.5,4.5,6.1,10.8,93.3,1.3,8.0,996.1
375,2019.0,5.0,15.0,10.9,6.4,8.9,10.2,97.0,1.0,8.0,988.4
376,2019.0,5.0,16.0,17.9,8.9,13.0,1.7,82.8,1.3,6.3,985.3
377,2019.0,5.0,17.0,20.4,11.3,15.1,0.4,77.3,2.0,6.7,983.3
378,2019.0,5.0,18.0,23.8,9.4,16.7,0.0,69.5,1.7,4.0,981.7
379,2019.0,5.0,19.0,22.8,10.3,16.0,13.7,83.3,1.7,3.7,978.6
380,2019.0,5.0,20.0,23.2,14.2,18.3,0.0,76.3,1.7,6.7,975.8
381,2019.0,5.0,21.0,19.8,13.3,15.5,23.9,78.0,1.7,8.0,975.5
382,2019.0,5.0,22.0,15.9,12.8,14.1,19.7,88.3,2.3,8.0,976.2
383,2019.0,5.0,23.0,14.0,11.7,12.6,45.2,95.3,2.3,8.0,983.9
384,2019.0,5.0,24.0,13.9,10.7,12.3,0.8,97.5,1.3,7.7,985.5
385,2019.0,5.0,25.0,23.1,9.0,15.7,0.0,67.5,1.3,3.3,984.8
386,2019.0,5.0,26.0,24.7,12.4,18.5,0.0,64.8,1.3,4.0,985.5
387,2019.0,5.0,27.0,25.9,12.3,19.4,2.5,62.0,1.3,6.0,982.6
388,2019.0,5.0,28.0,22.7,14.4,18.5,2.3,78.3,1.7,6.0,977.4
389,2019.0,5.0,29.0,19.6,12.1,14.5,0.2,82.3,1.3,8.0,986.2
390,2019.0,5.0,30.0,13.0,10.5,11.4,2.9,75.8,1.0,8.0,994.8
391,2019.0,5.0,31.0,23.3,9.6,16.0,0.0,64.5,1.3,3.7,995.0
392,2020.0,5.0,1.0,17.5,8.7,12.3,2.8,83.0,1.7,6.3,977.1
393,2020.0,5.0,2.0,18.7,5.3,11.9,0.0,69.0,2.0,6.7,978.0
394,2020.0,5.0,3.0,14.3,6.6,9.8,0.3,76.3,2.7,7.3,985.5
395,2020.0,5.0,4.0,18.5,4.0,10.8,2.4,66.0,1.3,4.3,988.4
396,2020.0,5.0,5.0,13.4,7.2,9.5,1.4,70.5,2.3,5.7,985.2
397,2020.0,5.0,6.0,9.0,4.2,6.7,7.4,90.8,3.0,7.7,986.4
398,2020.0,5.0,7.0,14.1,3.6,9.3,0.0,62.8,2.3,4.0,990.3
399,2020.0,5.0,8.0,21.2,4.3,12.6,0.0,60.5,2.0,3.3,990.5
400,2020.0,5.0,9.0,23.6,6.1,14.9,0.0,49.8,1.0,2.7,986.6
401,2020.0,5.0,10.0,26.6,11.8,18.9,0.0,48.3,2.0,5.3,980.9
402,2020.0,5.0,11.0,28.2,12.3,20.3,0.3,40.0,1.3,5.7,972.3
403,2020.0,5.0,12.0,21.2,3.1,9.1,0.0,56.5,1.7,4.7,985.3
404,2020.0,5.0,13.0,13.7,-0.2,7.5,14.0,54.5,1.0,7.0,986.0
405,2020.0,5.0,14.0,10.6,6.5,8.1,2.2,88.8,1.7,5.3,985.5
406,2020.0,5.0,15.0,10.3,2.6,6.9,2.7,89.5,0.7,7.7,988.2
407,2020.0,5.0,16.0,18.0,3.6,11.4,0.0,58.8,2.3,0.7,992.5
408,2020.0,5.0,17.0,19.2,5.7,12.6,0.0,62.5,1.7,3.7,991.6
409,2020.0,5.0,18.0,22.6,6.6,15.0,0.0,56.5,1.7,3.0,993.0
410,2020.0,5.0,19.0,25.7,9.1,17.2,0.0,53.3,2.7,3.3,989.7
411,2020.0,5.0,20.0,19.8,8.7,13.9,0.0,51.8,2.0,3.0,990.9
412,2020.0,5.0,21.0,17.3,6.9,11.8,0.0,47.0,2.0,2.7,993.7
413,2020.0,5.0,22.0,18.3,3.1,11.3,0.0,41.8,1.7,5.3,995.6
414,2020.0,5.0,23.0,19.7,5.6,13.1,12.7,44.5,1.3,8.0,993.3
415,2020.0,5.0,24.0,18.4,10.3,12.7,4.9,79.3,2.7,5.7,993.8
416,2020.0,5.0,25.0,15.5,8.1,11.2,6.4,87.3,1.3,7.3,995.9
417,2020.0,5.0,26.0,17.6,9.6,12.3,11.8,86.3,1.3,7.0,1000.0
418,2020.0,5.0,27.0,20.3,10.2,14.1,1.8,77.8,1.3,6.7,1000.2
419,2020.0,5.0,28.0,20.2,9.6,14.0,0.9,71.5,1.7,5.3,995.0
420,2020.0,5.0,29.0,18.4,10.9,14.0,0.3,67.0,2.0,5.3,993.4
421,2020.0,5.0,30.0,14.7,8.1,10.8,30.5,79.3,1.7,7.7,989.2
422,2020.0,5.0,31.0,12.8,8.3,10.8,9.8,98.5,2.3,8.0,984.9
423,2021.0,5.0,1.0,16.2,6.6,10.6,5.6,86.8,1.3,8.0,983.5
424,2021.0,5.0,2.0,14.4,8.3,10.3,5.6,90.0,4.0,8.0,977.7
425,2021.0,5.0,3.0,12.4,6.3,8.8,0.0,59.3,3.7,5.7,988.6
426,2021.0,5.0,4.0,19.9,0.7,11.0,0.0,48.3,2.0,5.0,983.3
427,2021.0,5.0,5.0,21.0,9.9,13.9,1.4,56.3,2.3,7.3,975.6
428,2021.0,5.0,6.0,13.9,4.4,9.5,2.0,54.0,3.0,5.0,981.5
429,2021.0,5.0,7.0,15.9,7.4,10.8,0.2,71.0,3.3,6.7,979.2
430,2021.0,5.0,8.0,14.6,4.4,9.1,0.0,57.3,2.7,4.3,990.9
431,2021.0,5.0,9.0,24.3,2.7,13.8,0.0,50.3,1.0,3.0,990.0
432,2021.0,5.0,10.0,29.2,8.1,18.9,0.0,40.0,2.0,2.3,986.5
433,2021.0,5.0,11.0,30.2,9.7,20.2,0.0,48.5,2.3,1.7,983.0
434,2021.0,5.0,12.0,27.9,11.3,19.7,0.0,49.5,2.7,1.7,977.4
435,2021.0,5.0,13.0,23.5,12.7,16.2,14.6,68.8,1.7,6.0,972.5
436,2021.0,5.0,14.0,18.5,12.4,14.3,0.1,83.0,3.0,7.3,975.9
437,2021.0,5.0,15.0,20.4,10.1,14.3,1.7,69.3,1.7,6.0,981.0
438,2021.0,5.0,16.0,15.4,10.5,13.3,3.3,81.8,1.7,6.0,978.0
439,2021.0,5.0,17.0,16.3,8.2,12.0,27.7,87.0,1.3,7.7,976.2
440,2021.0,5.0,18.0,16.0,9.7,12.3,1.8,88.5,3.0,7.7,979.4
441,2021.0,5.0,19.0,16.3,7.9,11.7,0.2,78.0,2.0,6.0,983.6
442,2021.0,5.0,20.0,18.8,7.8,13.3,0.8,63.0,2.7,4.7,986.9
443,2021.0,5.0,21.0,21.1,6.8,14.1,0.2,56.0,2.0,6.0,985.3
444,2021.0,5.0,22.0,17.4,10.0,13.3,11.7,84.8,1.3,5.7,981.4
445,2021.0,5.0,23.0,19.4,6.3,11.8,4.1,79.0,1.3,7.3,986.8
446,2021.0,5.0,24.0,20.9,6.2,13.8,7.5,70.8,1.3,5.0,991.4
447,2021.0,5.0,25.0,17.6,11.2,13.2,1.1,90.0,1.7,8.0,987.0
448,2021.0,5.0,26.0,21.4,5.4,13.8,0.0,54.8,1.3,4.7,988.9
449,2021.0,5.0,27.0,19.6,9.3,15.0,0.0,51.8,2.7,7.0,987.3
450,2021.0,5.0,28.0,18.1,10.7,14.1,1.2,61.0,2.0,3.3,990.2
451,2021.0,5.0,29.0,16.3,9.7,11.6,1.1,80.0,1.3,6.3,990.9
452,2021.0,5.0,30.0,17.8,7.9,12.7,0.0,71.3,2.3,6.3,992.4
453,2021.0,5.0,31.0,19.1,9.9,14.0,0.0,60.0,2.3,2.0,991.8
454,2019.0,6.0,1.0,25.1,11.5,17.4,4.1,75.3,1.7,6.3,993.0
455,2019.0,6.0,2.0,27.2,13.5,19.7,0.0,72.3,2.0,2.0,991.1
456,2019.0,6.0,3.0,27.1,13.9,20.6,0.0,65.5,2.7,1.0,989.4
457,2019.0,6.0,4.0,28.3,14.4,21.4,0.0,65.0,2.3,2.3,985.8
458,2019.0,6.0,5.0,26.8,15.4,21.4,0.3,67.8,2.7,2.7,983.1
459,2019.0,6.0,6.0,27.6,14.5,21.2,0.0,59.3,2.7,3.0,983.5
460,2019.0,6.0,7.0,28.3,16.7,22.6,0.0,63.8,1.3,4.0,986.3
461,2019.0,6.0,8.0,30.3,16.8,22.7,0.0,58.8,1.7,4.0,990.5
462,2019.0,6.0,9.0,27.0,14.0,20.7,0.0,52.5,2.3,1.3,996.4
463,2019.0,6.0,10.0,32.2,17.0,24.4,0.0,63.8,2.7,1.3,988.8
464,2019.0,6.0,11.0,33.2,17.9,25.3,0.0,56.8,2.3,1.0,985.4
465,2019.0,6.0,12.0,32.9,17.6,25.5,0.0,54.5,2.0,1.0,984.6
466,2019.0,6.0,13.0,33.6,18.9,26.1,1.2,60.0,1.7,2.7,985.3
467,2019.0,6.0,14.0,31.1,19.8,24.9,0.0,76.3,2.0,4.3,989.8
468,2019.0,6.0,15.0,34.3,20.3,27.2,0.0,62.5,1.3,5.0,986.0
469,2019.0,6.0,16.0,31.9,19.5,23.8,1.4,62.5,1.7,5.0,987.7
470,2019.0,6.0,17.0,24.3,17.8,20.4,0.0,64.3,1.3,5.7,992.4
471,2019.0,6.0,18.0,26.2,14.6,20.5,0.0,68.3,2.0,4.0,990.4
472,2019.0,6.0,19.0,29.4,16.9,22.9,0.2,66.0,1.3,5.0,985.2
473,2019.0,6.0,20.0,29.1,19.1,23.3,2.0,67.8,1.3,6.7,983.6
474,2019.0,6.0,21.0,28.4,18.4,22.3,0.2,73.0,2.7,6.0,987.0
475,2019.0,6.0,22.0,25.5,17.0,21.2,21.6,71.3,2.0,5.3,991.3
476,2019.0,6.0,23.0,26.0,17.6,21.7,0.0,57.3,3.0,6.7,991.1
477,2019.0,6.0,24.0,26.7,16.8,21.9,0.0,62.3,2.3,5.0,994.9
478,2019.0,6.0,25.0,32.1,17.2,25.0,0.0,66.0,3.0,1.0,996.3
479,2019.0,6.0,26.0,34.7,20.2,27.9,0.0,55.0,2.3,1.3,993.8
480,2019.0,6.0,27.0,31.2,23.1,26.0,0.0,47.0,2.7,1.3,989.3
481,2019.0,6.0,28.0,24.1,14.2,19.1,0.0,61.5,1.3,6.0,992.4
482,2019.0,6.0,29.0,27.8,14.1,21.3,0.0,42.5,1.3,3.7,992.6
483,2019.0,6.0,30.0,35.2,15.9,26.0,0.0,41.8,1.3,0.0,989.1
484,2020.0,6.0,1.0,20.8,10.1,14.8,1.9,66.5,1.7,4.7,989.1
485,2020.0,6.0,2.0,19.7,9.2,13.9,0.0,66.0,2.0,4.0,984.1
486,2020.0,6.0,3.0,19.2,9.3,14.2,0.0,58.0,2.0,3.3,977.6
487,2020.0,6.0,4.0,23.9,7.4,16.2,0.2,61.3,1.0,6.7,972.1
488,2020.0,6.0,5.0,21.3,13.8,17.0,8.8,69.5,1.7,7.0,970.5
489,2020.0,6.0,6.0,27.3,10.2,19.3,0.1,54.8,1.3,2.3,978.5
490,2020.0,6.0,7.0,26.7,14.8,19.2,1.2,74.8,1.7,7.3,979.3
491,2020.0,6.0,8.0,19.1,14.7,16.0,0.0,87.5,2.0,8.0,983.0
492,2020.0,6.0,9.0,17.1,13.2,15.0,0.0,79.0,1.3,8.0,985.6
493,2020.0,6.0,10.0,20.6,14.4,17.1,0.8,84.5,1.3,8.0,982.9
494,2020.0,6.0,11.0,25.2,14.4,18.7,2.5,80.8,0.7,7.0,981.7
495,2020.0,6.0,12.0,28.2,15.9,21.7,0.0,79.5,1.0,5.0,981.6
496,2020.0,6.0,13.0,31.4,18.1,24.1,1.5,62.5,2.0,1.7,981.8
497,2020.0,6.0,14.0,25.9,17.3,19.9,0.0,81.3,2.3,8.0,982.4
498,2020.0,6.0,15.0,21.9,13.7,17.9,0.3,68.5,1.7,6.7,984.8
499,2020.0,6.0,16.0,19.0,15.1,17.0,3.5,82.5,1.7,8.0,985.5
500,2020.0,6.0,17.0,23.8,16.3,19.3,6.0,84.0,0.7,7.3,981.4
501,2020.0,6.0,18.0,25.5,17.0,20.1,0.3,78.8,1.7,7.0,979.5
502,2020.0,6.0,19.0,23.1,16.0,19.1,4.4,83.5,2.0,7.7,981.6
503,2020.0,6.0,20.0,21.0,16.1,18.2,3.5,88.5,1.7,7.7,982.8
504,2020.0,6.0,21.0,23.3,15.3,18.3,15.1,91.5,2.3,7.0,983.8
505,2020.0,6.0,22.0,19.7,16.5,18.2,0.9,90.8,1.7,8.0,987.1
506,2020.0,6.0,23.0,24.2,15.6,19.2,0.0,61.8,2.3,4.0,991.7
507,2020.0,6.0,24.0,20.0,14.2,16.8,0.0,78.3,2.3,6.7,993.3
508,2020.0,6.0,25.0,25.6,13.1,19.5,0.0,75.3,2.0,5.3,994.3
509,2020.0,6.0,26.0,27.4,16.9,21.2,19.2,83.0,1.7,7.3,989.6
510,2020.0,6.0,27.0,29.2,15.8,22.4,1.2,72.3,1.7,4.7,986.0
511,2020.0,6.0,28.0,30.4,18.3,24.0,0.0,65.8,1.7,2.3,985.7
512,2020.0,6.0,29.0,28.2,17.4,21.5,4.5,76.5,2.3,5.7,982.8
513,2020.0,6.0,30.0,26.3,15.6,20.9,0.0,56.5,3.0,1.0,983.3
514,2021.0,6.0,1.0,20.5,5.8,12.9,0.0,59.0,1.3,5.3,990.6
515,2021.0,6.0,2.0,20.1,6.6,13.9,0.0,57.5,1.3,5.7,993.6
516,2021.0,6.0,3.0,23.4,7.3,15.4,0.0,59.8,1.7,2.7,996.4
517,2021.0,6.0,4.0,25.8,8.5,17.8,0.5,51.3,2.0,3.0,995.6
518,2021.0,6.0,5.0,22.9,14.9,17.4,8.9,80.3,1.0,5.7,991.7
519,2021.0,6.0,6.0,25.3,10.8,18.0,0.0,71.8,1.0,1.3,990.7
520,2021.0,6.0,7.0,26.9,12.1,19.3,0.0,56.0,1.3,1.7,990.8
521,2021.0,6.0,8.0,27.1,11.5,19.5,0.0,54.8,1.0,2.7,990.1
522,2021.0,6.0,9.0,27.2,13.4,19.9,0.2,63.3,1.3,2.7,989.9
523,2021.0,6.0,10.0,25.8,12.9,19.1,0.0,57.3,1.7,2.7,989.9
524,2021.0,6.0,11.0,23.7,13.4,18.4,2.2,70.8,2.3,3.3,988.5
525,2021.0,6.0,12.0,26.0,13.1,19.2,10.4,72.5,2.7,6.0,985.9
526,2021.0,6.0,13.0,20.0,12.6,15.6,0.4,62.8,3.3,4.0,990.5
527,2021.0,6.0,14.0,22.7,9.8,16.3,0.0,58.8,1.7,2.3,993.0
528,2021.0,6.0,15.0,25.6,9.9,18.2,0.0,58.3,1.3,5.0,990.7
529,2021.0,6.0,16.0,27.3,12.5,20.4,0.0,55.3,1.7,1.3,990.3
530,2021.0,6.0,17.0,29.0,14.8,22.1,0.0,59.3,2.3,3.3,991.4
531,2021.0,6.0,18.0,31.3,14.3,23.0,0.0,57.5,1.7,0.3,990.7
532,2021.0,6.0,19.0,31.4,16.5,24.0,0.0,57.5,2.3,0.3,988.4
533,2021.0,6.0,20.0,31.2,17.3,23.9,0.0,60.5,2.0,1.7,985.1
534,2021.0,6.0,21.0,31.6,19.3,25.3,0.0,59.0,2.3,2.3,981.1
535,2021.0,6.0,22.0,31.9,19.4,23.7,29.7,74.0,1.7,5.3,982.1
536,2021.0,6.0,23.0,26.4,19.4,22.7,0.1,87.0,1.0,6.3,989.0
537,2021.0,6.0,24.0,32.7,19.8,23.8,34.1,79.8,2.0,4.0,987.4
538,2021.0,6.0,25.0,22.4,15.6,19.4,0.8,87.3,1.3,6.7,987.6
539,2021.0,6.0,26.0,22.6,17.7,19.5,4.6,80.0,1.0,7.0,989.2
540,2021.0,6.0,27.0,25.9,14.9,19.9,0.0,79.0,1.7,2.3,989.3
541,2021.0,6.0,28.0,27.5,14.4,21.2,0.0,66.3,1.3,2.7,989.1
542,2021.0,6.0,29.0,28.3,15.4,22.4,5.4,70.8,1.7,4.0,984.8
543,2021.0,6.0,30.0,27.9,17.6,22.6,0.0,66.5,2.7,4.0,981.1
544,2019.0,7.0,1.0,36.3,18.7,27.0,0.0,41.3,3.0,4.3,985.2
545,2019.0,7.0,2.0,28.0,20.2,23.5,0.0,58.0,2.0,4.7,987.5
546,2019.0,7.0,3.0,24.2,14.1,18.8,0.0,46.5,2.7,2.7,991.3
547,2019.0,7.0,4.0,23.9,11.0,17.9,0.0,44.0,1.7,1.3,992.1
548,2019.0,7.0,5.0,24.3,12.3,18.4,0.0,50.3,2.0,7.3,986.2
549,2019.0,7.0,6.0,29.5,15.8,22.7,0.0,47.0,1.7,3.7,981.7
550,2019.0,7.0,7.0,26.6,16.4,20.3,0.7,58.5,2.0,5.7,979.4
551,2019.0,7.0,8.0,19.7,12.5,16.3,0.0,46.5,3.3,5.0,985.2
552,2019.0,7.0,9.0,20.6,10.8,15.8,0.0,53.5,2.7,5.3,986.0
553,2019.0,7.0,10.0,20.7,13.0,16.5,1.5,55.8,3.0,5.0,985.7
554,2019.0,7.0,11.0,21.5,12.3,16.2,2.7,70.3,1.3,4.0,984.3
555,2019.0,7.0,12.0,25.8,8.8,17.3,1.0,52.5,1.3,5.3,983.1
556,2019.0,7.0,13.0,20.8,14.9,17.5,9.6,82.8,1.7,7.3,981.6
557,2019.0,7.0,14.0,18.5,13.6,15.9,5.0,90.5,1.7,5.7,984.0
558,2019.0,7.0,15.0,24.8,11.0,17.7,0.0,56.8,1.3,1.3,985.3
559,2019.0,7.0,16.0,22.7,11.5,17.1,0.0,60.8,2.0,4.3,984.8
560,2019.0,7.0,17.0,22.4,13.3,17.7,0.0,59.5,2.0,5.7,984.3
561,2019.0,7.0,18.0,24.7,11.0,18.3,0.0,55.5,0.7,2.7,985.2
562,2019.0,7.0,19.0,29.1,11.3,19.7,0.1,53.3,1.3,5.3,986.9
563,2019.0,7.0,20.0,29.8,16.1,22.6,0.0,59.8,1.3,5.7,988.5
564,2019.0,7.0,21.0,31.4,16.8,22.1,8.0,68.5,0.7,6.3,989.8
565,2019.0,7.0,22.0,27.1,16.2,21.6,0.2,67.3,1.3,6.3,993.3
566,2019.0,7.0,23.0,24.3,16.5,19.3,0.1,84.3,1.0,8.0,992.1
567,2019.0,7.0,24.0,24.5,17.8,21.0,0.0,75.8,1.0,5.7,990.9
568,2019.0,7.0,25.0,29.1,15.4,22.2,0.0,67.0,1.0,2.0,990.4
569,2019.0,7.0,26.0,29.4,16.4,22.8,0.0,58.5,1.7,3.0,983.6
570,2019.0,7.0,27.0,28.3,15.6,21.5,0.0,71.3,2.0,4.3,978.6
571,2019.0,7.0,28.0,33.2,16.3,24.4,0.0,63.0,2.3,5.7,976.1
572,2019.0,7.0,29.0,33.5,20.3,24.4,6.8,71.0,1.7,5.0,978.0
573,2019.0,7.0,30.0,29.2,19.3,22.6,1.1,79.5,2.0,3.3,980.8
574,2019.0,7.0,31.0,26.2,20.1,22.6,0.1,79.3,1.7,7.0,984.6
575,2020.0,7.0,1.0,30.2,15.2,23.3,0.2,55.8,1.7,0.7,983.2
576,2020.0,7.0,2.0,28.8,18.8,21.8,2.5,80.0,1.3,7.3,982.9
577,2020.0,7.0,3.0,24.5,16.2,19.5,1.1,82.8,2.3,8.0,985.6
578,2020.0,7.0,4.0,27.0,16.0,21.2,0.0,64.0,1.0,3.3,989.3
579,2020.0,7.0,5.0,29.7,14.5,22.5,0.0,55.5,1.3,0.3,986.5
580,2020.0,7.0,6.0,30.6,17.2,22.0,4.0,66.5,2.0,5.0,982.7
581,2020.0,7.0,7.0,20.4,14.2,16.5,0.0,59.3,2.3,5.0,988.3
582,2020.0,7.0,8.0,22.7,9.9,15.5,8.8,66.5,2.0,7.0,988.8
583,2020.0,7.0,9.0,23.7,13.0,18.0,0.0,71.8,1.0,7.0,989.5
584,2020.0,7.0,10.0,31.8,15.4,24.3,0.0,52.5,2.0,2.7,985.2
585,2020.0,7.0,11.0,28.7,12.0,18.3,10.3,83.8,1.7,8.0,991.7
586,2020.0,7.0,12.0,20.9,10.6,15.1,0.3,73.8,1.3,4.0,995.7
587,2020.0,7.0,13.0,18.6,10.7,15.0,0.0,68.8,1.3,7.0,995.0
588,2020.0,7.0,14.0,23.9,8.9,16.7,0.0,62.8,0.7,2.7,990.2
589,2020.0,7.0,15.0,26.2,10.9,19.0,1.1,54.8,1.3,4.0,985.6
590,2020.0,7.0,16.0,22.5,13.7,16.8,12.2,89.5,1.0,8.0,985.5
591,2020.0,7.0,17.0,20.0,10.7,14.9,2.7,84.3,1.0,6.3,988.4
592,2020.0,7.0,18.0,25.2,14.1,18.6,5.9,81.3,2.0,7.0,988.4
593,2020.0,7.0,19.0,26.8,14.9,20.3,0.0,77.5,1.7,4.0,988.0
594,2020.0,7.0,20.0,29.2,14.1,21.1,0.0,68.3,1.7,4.3,987.3
595,2020.0,7.0,21.0,23.6,16.2,19.5,0.0,76.3,1.7,5.7,991.5
596,2020.0,7.0,22.0,25.8,13.4,19.2,0.0,59.3,1.3,3.3,991.6
597,2020.0,7.0,23.0,23.2,12.1,18.0,0.0,60.5,1.3,6.3,988.3
598,2020.0,7.0,24.0,28.3,12.0,19.5,0.1,64.0,1.7,4.7,984.6
599,2020.0,7.0,25.0,28.8,15.0,21.7,0.0,62.5,1.7,5.0,984.6
600,2020.0,7.0,26.0,29.0,14.7,21.5,0.0,62.5,2.0,4.7,986.2
601,2020.0,7.0,27.0,28.4,17.0,22.1,0.0,72.5,0.7,6.7,988.9
602,2020.0,7.0,28.0,32.5,15.9,24.2,6.5,58.3,1.3,1.7,985.1
603,2020.0,7.0,29.0,29.4,18.2,23.6,0.0,66.3,1.7,4.7,987.8
604,2020.0,7.0,30.0,28.6,14.8,21.6,0.0,57.5,1.3,2.7,990.7
605,2020.0,7.0,31.0,26.8,15.6,20.5,0.0,55.5,2.3,3.3,988.7
606,2021.0,7.0,1.0,24.6,17.2,20.3,0.0,72.0,1.3,7.0,983.1
607,2021.0,7.0,2.0,22.6,16.3,19.1,0.0,73.0,2.0,7.7,985.3
608,2021.0,7.0,3.0,21.3,16.2,18.4,4.8,80.0,2.0,7.7,985.4
609,2021.0,7.0,4.0,26.5,14.0,19.7,0.0,70.0,1.0,3.0,983.7
610,2021.0,7.0,5.0,28.4,13.6,21.2,0.0,57.8,1.7,3.3,983.0
611,2021.0,7.0,6.0,30.1,16.0,23.4,0.0,60.0,1.7,1.0,985.8
612,2021.0,7.0,7.0,32.9,17.5,25.2,0.0,62.0,1.7,1.0,987.6
613,2021.0,7.0,8.0,32.4,17.9,25.1,0.0,67.8,2.3,2.0,991.0
614,2021.0,7.0,9.0,32.0,18.6,24.7,41.5,79.0,2.7,5.3,987.9
615,2021.0,7.0,10.0,25.5,17.4,21.0,0.0,66.8,1.7,5.0,990.6
616,2021.0,7.0,11.0,26.8,16.8,20.6,6.5,69.0,1.7,5.3,989.0
617,2021.0,7.0,12.0,22.6,16.2,18.9,11.2,95.0,1.7,7.0,987.0
618,2021.0,7.0,13.0,30.3,15.9,23.2,0.0,75.5,1.7,3.0,983.3
619,2021.0,7.0,14.0,33.4,20.0,25.3,28.4,72.5,1.3,6.0,982.7
620,2021.0,7.0,15.0,26.6,17.9,22.1,31.4,90.0,1.7,6.0,984.6
621,2021.0,7.0,16.0,28.5,19.7,23.3,1.0,82.5,1.0,7.0,986.1
622,2021.0,7.0,17.0,30.0,18.9,23.6,4.3,80.0,1.7,5.3,986.2
623,2021.0,7.0,18.0,26.0,19.7,22.7,0.0,85.5,1.0,6.7,986.0
624,2021.0,7.0,19.0,27.4,18.8,22.0,17.7,69.5,2.0,5.0,986.9
625,2021.0,7.0,20.0,22.1,15.8,18.1,2.9,87.5,1.3,7.7,988.3
626,2021.0,7.0,21.0,24.0,15.0,18.8,0.0,68.5,1.7,5.0,991.8
627,2021.0,7.0,22.0,22.3,16.3,19.3,0.0,70.0,1.7,7.7,992.8
628,2021.0,7.0,23.0,25.7,16.1,20.6,0.0,67.8,1.0,5.7,989.4
629,2021.0,7.0,24.0,28.3,14.8,21.7,0.0,67.0,1.3,3.7,986.8
630,2021.0,7.0,25.0,28.0,16.0,21.2,7.5,77.3,1.3,5.0,985.5
631,2021.0,7.0,26.0,29.4,17.6,22.9,2.0,75.3,1.3,2.7,984.7
632,2021.0,7.0,27.0,29.5,18.2,23.4,10.2,77.3,1.3,4.3,986.2
633,2021.0,7.0,28.0,31.8,18.0,24.1,3.1,74.5,1.3,4.3,984.1
634,2021.0,7.0,29.0,28.0,18.8,23.0,0.0,68.8,2.3,3.7,985.1
635,2021.0,7.0,30.0,29.8,15.6,22.8,0.0,59.3,1.3,1.7,983.0
636,2021.0,7.0,31.0,27.2,17.1,22.1,0.3,74.5,0.7,5.3,981.1
637,2019.0,8.0,1.0,26.8,18.7,21.3,0.9,76.3,1.7,5.7,986.7
638,2019.0,8.0,2.0,26.0,14.8,20.2,2.6,65.5,1.3,5.0,985.2
639,2019.0,8.0,3.0,22.5,14.2,17.6,9.9,79.8,1.7,6.0,983.5
640,2019.0,8.0,4.0,24.3,12.9,18.4,0.7,60.0,2.3,2.0,986.1
641,2019.0,8.0,5.0,27.3,14.5,20.3,0.2,62.3,2.0,3.7,985.5
642,2019.0,8.0,6.0,29.6,16.9,22.8,0.0,59.5,1.3,4.7,983.9
643,2019.0,8.0,7.0,29.3,17.3,22.9,18.3,73.5,1.0,6.0,980.9
644,2019.0,8.0,8.0,26.7,17.9,21.7,0.0,65.8,2.3,6.0,983.5
645,2019.0,8.0,9.0,28.8,14.9,21.7,0.0,58.5,1.7,3.3,986.1
646,2019.0,8.0,10.0,32.4,15.4,23.1,16.3,64.5,1.7,6.0,986.3
647,2019.0,8.0,11.0,27.9,18.1,22.0,0.0,72.3,2.0,2.3,989.9
648,2019.0,8.0,12.0,32.0,17.3,23.6,25.5,71.8,1.7,4.0,985.7
649,2019.0,8.0,13.0,24.8,17.1,20.1,3.6,80.3,1.3,4.7,987.3
650,2019.0,8.0,14.0,20.6,14.2,16.2,6.5,88.5,1.7,5.7,988.2
651,2019.0,8.0,15.0,23.6,10.9,16.6,0.0,68.5,1.0,1.7,988.3
652,2019.0,8.0,16.0,21.4,12.4,16.7,0.0,75.0,0.7,7.0,987.9
653,2019.0,8.0,17.0,25.5,12.7,18.3,0.0,72.8,1.0,3.3,988.1
654,2019.0,8.0,18.0,29.2,16.1,22.1,0.0,65.5,0.7,4.7,984.9
655,2019.0,8.0,19.0,32.0,16.3,23.7,0.0,63.3,1.0,4.3,987.5
656,2019.0,8.0,20.0,27.2,19.3,22.1,5.9,80.5,1.7,7.0,992.4
657,2019.0,8.0,21.0,21.1,16.8,18.4,0.0,84.8,2.3,7.3,996.2
658,2019.0,8.0,22.0,21.0,14.1,17.7,0.0,69.3,2.3,6.0,999.6
659,2019.0,8.0,23.0,25.5,12.9,18.8,0.0,79.0,1.7,4.7,998.1
660,2019.0,8.0,24.0,27.0,14.5,20.1,0.0,73.5,2.3,1.7,996.1
661,2019.0,8.0,25.0,28.1,14.2,20.8,0.0,68.8,1.7,2.7,994.2
662,2019.0,8.0,26.0,31.0,16.9,22.8,0.0,74.5,1.7,2.0,993.3
663,2019.0,8.0,27.0,31.7,17.1,22.9,0.0,75.3,1.3,1.7,992.6
664,2019.0,8.0,28.0,32.4,17.1,22.4,0.6,74.5,1.7,2.7,991.6
665,2019.0,8.0,29.0,33.3,17.0,23.8,0.0,66.0,1.3,1.7,990.6
666,2019.0,8.0,30.0,30.3,18.6,22.9,0.4,74.3,1.7,3.7,993.6
667,2019.0,8.0,31.0,29.8,17.0,22.6,0.0,69.3,2.3,0.7,991.8
668,2020.0,8.0,1.0,25.5,12.1,18.6,0.0,62.0,1.3,2.0,988.6
669,2020.0,8.0,2.0,29.2,11.0,20.1,0.0,59.8,1.7,4.3,986.2
670,2020.0,8.0,3.0,28.2,16.6,21.0,4.9,68.8,1.7,5.7,981.6
671,2020.0,8.0,4.0,23.6,17.0,19.4,1.1,85.0,2.0,7.0,981.1
672,2020.0,8.0,5.0,20.6,16.4,18.3,0.1,80.5,2.0,7.7,990.4
673,2020.0,8.0,6.0,27.8,17.6,22.0,0.0,74.0,1.7,3.3,993.1
674,2020.0,8.0,7.0,32.2,16.2,23.5,0.0,65.5,2.0,1.7,994.1
675,2020.0,8.0,8.0,32.3,16.5,24.1,0.0,63.3,2.0,1.0,992.7
676,2020.0,8.0,9.0,31.8,17.9,24.3,3.8,60.0,1.7,1.3,990.4
677,2020.0,8.0,10.0,30.2,17.1,22.8,0.0,71.3,1.7,3.7,989.5
678,2020.0,8.0,11.0,30.8,17.2,23.1,1.8,62.5,1.7,3.7,990.4
679,2020.0,8.0,12.0,28.5,15.8,21.5,0.0,55.0,1.7,0.7,991.5
680,2020.0,8.0,13.0,30.1,12.2,20.6,0.0,58.0,1.3,1.7,988.7
681,2020.0,8.0,14.0,30.6,14.9,22.2,0.0,53.5,2.3,3.3,986.0
682,2020.0,8.0,15.0,27.3,15.0,21.0,0.0,56.3,2.0,2.7,986.3
683,2020.0,8.0,16.0,28.5,16.9,20.4,29.6,66.5,2.3,4.3,987.0
684,2020.0,8.0,17.0,28.5,17.6,21.4,0.1,80.5,1.0,5.0,984.1
685,2020.0,8.0,18.0,23.4,17.8,19.6,16.7,85.0,1.0,7.7,980.9
686,2020.0,8.0,19.0,21.6,17.3,18.9,2.3,91.8,2.0,6.3,980.9
687,2020.0,8.0,20.0,26.8,16.8,20.9,0.0,71.8,1.7,1.7,985.3
688,2020.0,8.0,21.0,30.3,14.8,21.8,0.0,65.0,1.0,0.0,988.6
689,2020.0,8.0,22.0,32.6,16.3,23.7,5.0,68.5,1.7,2.7,987.1
690,2020.0,8.0,23.0,26.8,17.9,21.2,1.7,82.3,1.0,6.7,987.2
691,2020.0,8.0,24.0,25.6,16.4,20.1,0.0,66.5,2.0,4.3,986.9
692,2020.0,8.0,25.0,23.4,13.6,17.6,0.0,70.8,1.7,4.7,985.9
693,2020.0,8.0,26.0,28.5,11.8,18.9,0.2,61.8,2.0,3.3,981.5
694,2020.0,8.0,27.0,22.0,17.8,19.4,0.0,53.8,4.0,6.3,983.9
695,2020.0,8.0,28.0,25.6,10.3,17.4,0.0,61.3,1.0,3.7,982.6
696,2020.0,8.0,29.0,25.7,15.8,20.1,0.0,69.8,1.7,5.3,979.8
697,2020.0,8.0,30.0,32.3,16.1,23.0,0.6,67.0,1.0,4.3,978.8
698,2020.0,8.0,31.0,26.0,16.8,19.6,20.4,66.0,2.3,5.7,984.5
699,2021.0,8.0,1.0,23.9,17.3,20.1,5.7,87.3,1.0,8.0,979.7
700,2021.0,8.0,2.0,22.8,14.4,17.2,0.5,82.5,2.7,6.7,983.8
701,2021.0,8.0,3.0,25.6,11.6,18.3,0.4,71.0,2.0,4.0,987.1
702,2021.0,8.0,4.0,24.9,14.3,19.4,5.2,72.3,2.0,6.7,985.9
703,2021.0,8.0,5.0,21.5,15.9,17.5,103.4,97.3,3.0,8.0,978.8
704,2021.0,8.0,6.0,20.0,13.9,16.2,0.6,84.3,3.7,5.3,976.1
705,2021.0,8.0,7.0,27.3,10.9,19.1,0.0,72.8,2.0,1.7,981.1
706,2021.0,8.0,8.0,25.6,16.5,20.7,19.3,68.3,2.7,6.0,984.9
707,2021.0,8.0,9.0,26.1,14.8,19.7,0.0,77.0,1.0,3.0,991.6
708,2021.0,8.0,10.0,28.8,16.3,22.0,1.3,71.0,1.0,4.3,990.0
709,2021.0,8.0,11.0,26.4,16.1,20.5,0.0,72.8,1.3,4.0,990.2
710,2021.0,8.0,12.0,25.4,13.7,18.9,0.0,67.8,1.0,1.7,994.4
711,2021.0,8.0,13.0,28.8,12.2,20.2,0.0,72.0,1.3,3.3,994.6
712,2021.0,8.0,14.0,31.0,16.8,23.6,0.0,70.5,1.3,4.3,991.5
713,2021.0,8.0,15.0,31.4,17.9,23.8,2.8,75.8,0.7,3.0,986.8
714,2021.0,8.0,16.0,30.8,18.8,24.2,13.4,71.0,1.3,6.0,981.5
715,2021.0,8.0,17.0,26.5,12.8,17.9,1.4,85.3,2.7,5.7,985.4
716,2021.0,8.0,18.0,21.7,11.7,16.3,0.0,65.5,1.7,4.7,987.2
717,2021.0,8.0,19.0,23.3,11.7,17.5,0.0,69.8,1.7,6.0,986.8
718,2021.0,8.0,20.0,25.3,16.4,20.0,0.0,70.3,1.0,7.0,988.8
719,2021.0,8.0,21.0,25.8,14.8,19.3,0.0,73.8,1.3,4.0,991.6
720,2021.0,8.0,22.0,26.8,12.4,19.0,7.4,74.5,1.3,5.0,990.1
721,2021.0,8.0,23.0,22.0,16.9,18.7,8.5,95.8,1.0,7.7,987.9
722,2021.0,8.0,24.0,18.2,12.4,15.0,9.8,97.0,1.3,8.0,991.0
723,2021.0,8.0,25.0,18.9,8.4,13.0,0.2,78.0,1.0,1.7,990.1
724,2021.0,8.0,26.0,17.4,8.3,13.0,1.1,89.8,1.0,7.7,980.5
725,2021.0,8.0,27.0,16.4,11.6,13.7,3.4,89.5,1.0,7.0,983.4
726,2021.0,8.0,28.0,21.5,8.3,14.2,0.0,84.5,1.0,4.7,986.2
727,2021.0,8.0,29.0,18.0,12.6,14.9,16.4,86.8,1.3,7.7,984.9
728,2021.0,8.0,30.0,15.1,12.2,13.4,24.1,96.5,1.3,8.0,983.7
729,2021.0,8.0,31.0,15.7,12.2,13.9,14.3,95.8,2.3,8.0,982.5
730,2019.0,9.0,1.0,32.8,17.1,23.3,0.0,67.8,1.3,1.3,985.3
731,2019.0,9.0,2.0,24.9,15.2,18.9,23.6,83.5,2.0,7.3,988.7
732,2019.0,9.0,3.0,19.2,12.4,14.9,1.9,84.8,1.0,5.7,994.7
733,2019.0,9.0,4.0,23.6,11.7,16.6,0.0,64.3,1.3,3.0,991.9
734,2019.0,9.0,5.0,25.9,10.4,17.1,0.0,70.5,1.3,0.7,987.2
735,2019.0,9.0,6.0,21.7,15.6,17.5,0.0,59.8,1.3,5.7,993.9
736,2019.0,9.0,7.0,20.9,13.8,16.4,13.5,75.8,1.3,7.0,989.6
737,2019.0,9.0,8.0,21.7,14.5,17.1,0.5,85.3,1.0,4.7,988.7
738,2019.0,9.0,9.0,23.7,13.9,16.9,22.3,84.8,1.7,7.7,984.3
739,2019.0,9.0,10.0,21.5,11.0,15.4,0.0,70.5,1.7,4.7,990.4
740,2019.0,9.0,11.0,23.6,10.2,15.7,0.0,79.3,0.7,1.7,995.7
741,2019.0,9.0,12.0,24.8,11.1,16.7,0.0,77.8,1.3,2.0,999.2
742,2019.0,9.0,13.0,24.2,11.7,17.4,0.1,72.8,1.7,2.7,1000.0
743,2019.0,9.0,14.0,20.2,11.1,14.2,0.0,68.3,0.7,2.7,1003.0
744,2019.0,9.0,15.0,22.5,6.7,13.7,0.0,69.3,2.0,2.0,995.6
745,2019.0,9.0,16.0,20.5,10.9,14.5,4.5,81.5,1.3,7.0,988.7
746,2019.0,9.0,17.0,17.6,11.5,13.8,1.5,76.3,2.7,5.3,985.2
747,2019.0,9.0,18.0,15.3,7.7,10.6,0.0,64.0,3.0,4.7,990.1
748,2019.0,9.0,19.0,14.3,7.1,9.6,0.6,75.5,1.7,5.0,995.6
749,2019.0,9.0,20.0,15.4,5.2,9.8,0.0,72.8,1.7,5.7,998.0
750,2019.0,9.0,21.0,18.8,6.6,11.2,0.0,75.0,0.7,2.0,996.4
751,2019.0,9.0,22.0,22.1,5.5,12.3,0.0,77.8,0.7,0.0,990.2
752,2019.0,9.0,23.0,19.4,7.1,12.1,0.0,83.5,1.3,3.3,987.0
753,2019.0,9.0,24.0,14.1,10.3,11.6,0.5,86.3,1.7,7.0,986.8
754,2019.0,9.0,25.0,18.5,8.6,12.9,0.9,91.3,1.0,8.0,981.2
755,2019.0,9.0,26.0,20.1,11.3,14.7,0.2,83.0,1.3,5.3,984.0
756,2019.0,9.0,27.0,22.3,9.5,14.8,0.3,80.8,1.0,5.3,986.5
757,2019.0,9.0,28.0,19.2,13.1,15.4,0.0,78.3,2.0,6.0,986.1
758,2019.0,9.0,29.0,21.1,10.6,15.1,0.0,72.3,1.7,4.0,982.6
759,2019.0,9.0,30.0,20.3,12.5,16.6,3.6,59.3,5.0,6.7,974.9
760,2020.0,9.0,1.0,16.8,12.9,14.9,24.0,92.3,1.7,8.0,982.3
761,2020.0,9.0,2.0,18.6,11.9,14.1,0.0,85.5,1.0,5.7,987.7
762,2020.0,9.0,3.0,22.1,8.5,14.5,0.0,71.8,1.0,4.0,993.3
763,2020.0,9.0,4.0,23.7,9.5,16.4,0.0,74.0,1.7,6.0,994.9
764,2020.0,9.0,5.0,28.3,14.9,20.7,12.7,72.8,1.3,3.7,989.8
765,2020.0,9.0,6.0,22.9,15.5,17.9,8.1,88.8,0.7,8.0,989.7
766,2020.0,9.0,7.0,16.9,13.3,14.6,4.7,89.5,1.0,5.7,993.9
767,2020.0,9.0,8.0,21.8,8.7,14.4,0.0,74.0,1.3,2.3,998.4
768,2020.0,9.0,9.0,25.9,12.3,17.9,0.0,66.3,1.3,0.0,994.6
769,2020.0,9.0,10.0,19.7,12.6,15.8,0.4,87.8,1.3,4.7,990.8
770,2020.0,9.0,11.0,23.2,8.0,14.6,0.0,78.3,1.7,1.3,991.5
771,2020.0,9.0,12.0,26.6,9.9,17.0,0.0,76.3,0.3,1.3,992.6
772,2020.0,9.0,13.0,26.4,13.9,18.9,0.0,78.0,1.7,6.7,997.4
773,2020.0,9.0,14.0,28.6,13.2,19.3,0.0,73.5,0.7,1.3,1001.0
774,2020.0,9.0,15.0,28.0,12.8,19.0,0.0,76.8,1.7,0.0,997.4
775,2020.0,9.0,16.0,29.5,14.1,20.2,0.0,76.3,0.7,4.3,991.1
776,2020.0,9.0,17.0,21.9,12.7,16.4,0.0,74.5,1.7,5.0,993.2
777,2020.0,9.0,18.0,18.5,5.4,10.7,0.0,73.0,1.3,1.7,999.6
778,2020.0,9.0,19.0,20.8,5.7,11.9,0.0,70.5,1.0,2.7,996.1
779,2020.0,9.0,20.0,21.3,7.1,13.3,0.0,77.3,1.7,6.0,992.0
780,2020.0,9.0,21.0,25.3,7.6,14.6,0.0,75.8,1.3,0.0,991.3
781,2020.0,9.0,22.0,26.9,8.5,16.0,0.0,73.5,1.0,0.3,988.0
782,2020.0,9.0,23.0,23.7,9.6,15.8,0.0,80.3,1.0,5.0,982.1
783,2020.0,9.0,24.0,23.6,13.5,17.4,0.0,81.8,0.7,4.3,980.6
784,2020.0,9.0,25.0,23.6,11.4,16.2,1.5,88.0,1.7,6.7,972.9
785,2020.0,9.0,26.0,19.6,11.3,14.9,7.5,81.5,2.3,7.3,966.3
786,2020.0,9.0,27.0,14.4,8.6,10.4,0.0,75.5,2.3,6.3,978.3
787,2020.0,9.0,28.0,14.8,4.2,10.1,11.3,87.8,2.0,7.7,984.2
788,2020.0,9.0,29.0,16.5,11.2,13.1,7.8,88.8,1.7,7.3,984.1
789,2020.0,9.0,30.0,13.5,12.0,12.6,26.3,98.0,1.3,8.0,981.9
790,2021.0,9.0,1.0,18.9,12.9,15.0,0.1,86.8,2.0,7.0,990.3
791,2021.0,9.0,2.0,20.6,12.5,15.6,0.0,77.3,1.3,3.7,995.2
792,2021.0,9.0,3.0,22.9,10.6,16.0,0.0,79.3,1.7,3.3,992.0
793,2021.0,9.0,4.0,21.4,11.2,15.4,0.0,82.0,1.7,2.3,990.3
794,2021.0,9.0,5.0,19.1,7.8,12.7,0.0,67.5,1.7,2.3,996.2
795,2021.0,9.0,6.0,20.4,5.2,11.8,0.0,76.0,1.7,1.3,997.8
796,2021.0,9.0,7.0,23.8,6.9,14.3,0.0,75.5,1.7,4.3,996.2
797,2021.0,9.0,8.0,25.6,9.3,16.3,0.0,77.8,0.7,2.3,995.4
798,2021.0,9.0,9.0,26.2,9.6,16.3,0.0,76.0,1.0,0.0,991.5
799,2021.0,9.0,10.0,26.6,8.4,16.0,0.0,73.0,0.7,1.0,990.2
800,2021.0,9.0,11.0,26.8,9.2,16.3,0.0,73.0,1.0,1.7,989.5
801,2021.0,9.0,12.0,26.5,12.0,17.9,1.6,77.5,1.0,2.7,988.6
802,2021.0,9.0,13.0,23.8,15.2,18.3,0.0,84.8,1.3,6.3,989.1
803,2021.0,9.0,14.0,23.0,12.7,16.7,0.0,82.0,1.0,2.7,990.8
804,2021.0,9.0,15.0,25.8,10.3,16.9,0.0,81.0,1.3,4.0,988.7
805,2021.0,9.0,16.0,24.2,14.7,19.0,15.2,83.5,0.7,7.3,984.9
806,2021.0,9.0,17.0,19.9,13.3,15.7,12.9,96.8,2.3,8.0,983.2
807,2021.0,9.0,18.0,15.4,12.5,13.6,5.6,85.3,3.0,7.7,983.8
808,2021.0,9.0,19.0,13.2,8.4,10.4,0.0,85.0,2.3,8.0,986.3
809,2021.0,9.0,20.0,11.5,8.9,10.0,0.5,83.0,2.0,8.0,990.1
810,2021.0,9.0,21.0,16.2,5.8,10.1,7.4,82.3,1.7,6.7,996.1
811,2021.0,9.0,22.0,12.3,8.1,10.0,0.3,88.8,1.7,8.0,994.3
812,2021.0,9.0,23.0,17.1,8.7,12.7,0.8,79.8,2.3,8.0,988.6
813,2021.0,9.0,24.0,16.7,12.3,13.8,0.0,71.0,2.0,6.3,983.3
814,2021.0,9.0,25.0,20.3,10.4,15.5,0.0,77.8,1.7,7.7,989.5
815,2021.0,9.0,26.0,23.9,13.5,17.4,0.0,84.8,1.3,3.7,992.4
816,2021.0,9.0,27.0,22.2,13.2,16.5,0.0,85.5,2.3,5.3,990.8
817,2021.0,9.0,28.0,17.3,7.8,11.8,0.0,84.0,1.7,4.3,993.5
818,2021.0,9.0,29.0,16.9,6.3,11.5,3.8,85.8,2.0,5.7,992.9
819,2021.0,9.0,30.0,15.0,11.0,12.8,0.5,93.0,0.7,8.0,997.6
820,2019.0,10.0,1.0,21.8,10.0,14.7,0.0,67.0,1.7,2.0,980.8
821,2019.0,10.0,2.0,18.6,10.4,13.8,12.3,86.0,1.3,6.7,975.9
822,2019.0,10.0,3.0,13.8,8.1,9.8,0.0,79.8,2.0,5.0,983.8
823,2019.0,10.0,4.0,12.6,7.0,9.1,0.8,84.0,1.3,5.3,984.4
824,2019.0,10.0,5.0,10.5,7.2,8.3,5.8,94.3,2.0,8.0,980.5
825,2019.0,10.0,6.0,10.6,3.9,6.3,0.0,79.5,1.0,5.0,989.2
826,2019.0,10.0,7.0,10.9,-1.6,3.2,0.0,75.0,0.3,1.0,990.9
827,2019.0,10.0,8.0,13.4,-1.5,5.5,1.1,73.8,0.7,6.3,987.3
828,2019.0,10.0,9.0,15.1,9.1,11.7,11.7,91.8,0.7,8.0,982.9
829,2019.0,10.0,10.0,15.8,9.0,11.3,7.4,77.8,2.3,4.0,984.7
830,2019.0,10.0,11.0,16.2,7.2,10.7,0.0,79.8,1.7,5.0,991.4
831,2019.0,10.0,12.0,23.7,6.2,12.9,0.0,72.3,1.3,3.0,988.8
832,2019.0,10.0,13.0,24.8,6.8,13.4,0.0,81.5,0.3,1.3,990.9
833,2019.0,10.0,14.0,25.3,7.7,14.0,0.0,82.5,0.7,0.0,990.3
834,2019.0,10.0,15.0,26.7,9.0,15.4,0.0,80.3,1.0,3.3,984.8
835,2019.0,10.0,16.0,21.6,8.6,14.0,0.0,80.0,3.0,3.0,985.1
836,2019.0,10.0,17.0,21.2,6.3,11.7,0.0,75.0,0.3,1.0,989.8
837,2019.0,10.0,18.0,22.4,6.1,12.3,0.0,79.5,0.7,4.0,987.2
838,2019.0,10.0,19.0,20.4,6.6,11.9,0.0,83.3,0.3,4.7,986.5
839,2019.0,10.0,20.0,24.4,7.2,13.5,0.0,81.0,1.0,0.7,987.0
840,2019.0,10.0,21.0,24.2,8.4,13.9,0.0,81.3,0.3,2.0,990.6
841,2019.0,10.0,22.0,23.6,8.3,13.9,0.0,84.0,0.7,3.0,994.4
842,2019.0,10.0,23.0,15.5,9.6,12.1,0.0,96.0,1.3,7.7,992.7
843,2019.0,10.0,24.0,23.3,8.9,13.9,0.0,86.8,1.0,3.3,986.6
844,2019.0,10.0,25.0,21.1,5.6,11.5,0.0,83.0,1.3,0.3,991.6
845,2019.0,10.0,26.0,21.6,6.5,11.7,0.0,84.5,0.3,3.0,993.2
846,2019.0,10.0,27.0,23.2,5.3,12.7,2.4,72.0,2.0,0.0,988.5
847,2019.0,10.0,28.0,16.7,6.6,9.4,0.2,83.3,1.7,5.3,991.4
848,2019.0,10.0,29.0,9.6,3.6,6.3,0.0,83.0,1.7,6.7,993.1
849,2019.0,10.0,30.0,9.0,1.7,3.7,0.0,81.0,0.3,2.3,999.5
850,2019.0,10.0,31.0,6.1,-2.7,0.4,0.0,91.0,1.0,2.7,998.6
851,2020.0,10.0,1.0,12.9,11.6,12.1,5.5,95.8,0.3,8.0,976.8
852,2020.0,10.0,2.0,18.7,11.4,14.2,0.2,91.5,1.3,6.3,977.2
853,2020.0,10.0,3.0,24.0,11.9,16.5,1.3,80.8,1.3,6.0,975.3
854,2020.0,10.0,4.0,22.2,15.0,17.0,0.0,73.5,2.3,2.7,976.7
855,2020.0,10.0,5.0,20.9,8.1,13.3,1.2,84.3,1.0,3.7,980.4
856,2020.0,10.0,6.0,21.2,9.4,13.3,0.0,82.8,1.0,4.0,982.6
857,2020.0,10.0,7.0,17.8,7.9,12.0,2.5,82.8,1.3,7.0,982.9
858,2020.0,10.0,8.0,15.5,9.5,11.3,0.4,90.3,0.7,5.3,991.3
859,2020.0,10.0,9.0,19.7,6.0,11.7,0.0,85.3,1.0,6.7,991.9
860,2020.0,10.0,10.0,18.4,8.8,12.8,3.3,88.8,0.3,7.3,989.5
861,2020.0,10.0,11.0,14.6,8.9,10.7,1.1,93.8,3.7,8.0,989.9
862,2020.0,10.0,12.0,10.0,5.8,7.5,34.5,96.8,1.7,8.0,986.3
863,2020.0,10.0,13.0,7.2,5.3,6.2,31.7,97.0,1.0,8.0,977.9
864,2020.0,10.0,14.0,9.0,5.5,6.7,5.5,84.5,0.7,8.0,972.3
865,2020.0,10.0,15.0,12.3,5.8,8.2,1.4,90.8,1.3,7.0,983.5
866,2020.0,10.0,16.0,7.9,4.7,6.4,3.8,94.8,2.0,8.0,985.4
867,2020.0,10.0,17.0,7.9,5.9,6.6,3.0,96.8,1.3,8.0,984.8
868,2020.0,10.0,18.0,10.5,4.0,7.0,0.0,83.3,3.0,7.7,989.2
869,2020.0,10.0,19.0,11.8,6.8,8.6,0.0,80.5,2.0,7.0,994.7
870,2020.0,10.0,20.0,16.6,2.4,7.6,0.0,80.8,1.0,3.7,994.6
871,2020.0,10.0,21.0,17.0,4.9,9.6,0.0,86.8,1.0,6.7,988.3
872,2020.0,10.0,22.0,20.4,5.3,11.3,0.0,82.8,0.7,4.7,989.3
873,2020.0,10.0,23.0,14.9,6.8,9.9,0.3,92.3,1.0,7.0,987.4
874,2020.0,10.0,24.0,15.6,9.6,11.6,0.0,91.8,1.3,5.0,987.1
875,2020.0,10.0,25.0,11.0,6.8,8.9,0.1,97.8,1.3,6.7,986.2
876,2020.0,10.0,26.0,18.3,7.6,11.5,0.0,89.5,1.3,6.3,980.2
877,2020.0,10.0,27.0,20.7,10.5,13.6,0.0,82.0,1.0,5.0,982.9
878,2020.0,10.0,28.0,18.8,8.7,12.0,0.0,87.5,1.0,1.3,987.0
879,2020.0,10.0,29.0,16.7,5.2,9.3,2.3,84.5,1.7,7.7,987.5
880,2020.0,10.0,30.0,12.9,5.9,8.5,10.0,83.5,1.0,7.7,990.2
881,2020.0,10.0,31.0,13.7,5.7,8.3,0.0,89.5,1.0,4.0,993.3
882,2021.0,10.0,1.0,16.4,5.9,10.2,0.0,89.5,1.7,4.7,998.2
883,2021.0,10.0,2.0,21.8,6.3,12.0,0.0,82.8,1.3,2.7,992.2
884,2021.0,10.0,3.0,21.9,5.7,12.0,0.0,82.3,1.3,2.0,989.3
885,2021.0,10.0,4.0,24.2,7.5,14.1,0.0,83.0,0.7,1.0,989.6
886,2021.0,10.0,5.0,25.3,10.2,15.8,0.9,79.3,2.0,1.0,988.1
887,2021.0,10.0,6.0,16.5,11.1,12.9,8.0,96.0,0.7,8.0,990.5
888,2021.0,10.0,7.0,15.8,10.9,12.5,0.0,82.0,2.3,4.0,997.0
889,2021.0,10.0,8.0,13.5,2.9,7.5,0.0,67.8,3.0,0.0,1002.1
890,2021.0,10.0,9.0,12.2,0.1,5.0,0.0,78.5,2.3,0.0,1003.7
891,2021.0,10.0,10.0,12.5,-1.0,4.5,0.0,78.0,1.7,4.0,999.7
892,2021.0,10.0,11.0,14.3,0.4,6.1,0.7,82.3,1.3,4.3,992.7
893,2021.0,10.0,12.0,13.1,6.0,8.4,3.0,83.8,1.7,6.0,986.3
894,2021.0,10.0,13.0,10.3,4.0,6.2,0.9,87.5,2.0,7.0,989.2
895,2021.0,10.0,14.0,12.6,4.2,7.4,0.0,78.8,1.7,6.0,994.2
896,2021.0,10.0,15.0,16.1,6.0,10.1,0.0,76.5,1.7,6.7,989.6
897,2021.0,10.0,16.0,11.3,7.1,9.0,0.0,77.3,1.7,6.0,992.4
898,2021.0,10.0,17.0,13.4,3.2,7.2,0.5,76.0,0.7,6.3,993.4
899,2021.0,10.0,18.0,9.3,5.4,7.7,0.5,93.5,2.0,8.0,996.2
900,2021.0,10.0,19.0,18.6,5.0,9.8,0.0,84.0,0.7,3.0,996.3
901,2021.0,10.0,20.0,23.4,6.7,13.8,0.0,71.0,0.7,6.7,987.2
902,2021.0,10.0,21.0,19.6,7.5,12.6,0.0,75.3,2.3,4.7,977.1
903,2021.0,10.0,22.0,15.2,8.4,10.7,0.0,59.0,3.7,2.7,984.1
904,2021.0,10.0,23.0,11.3,4.9,6.9,1.6,75.3,2.3,3.3,994.1
905,2021.0,10.0,24.0,12.3,2.0,5.6,0.0,84.3,1.0,2.3,1002.9
906,2021.0,10.0,25.0,15.5,-1.5,4.8,0.0,81.3,0.7,1.3,997.5
907,2021.0,10.0,26.0,14.5,-0.7,5.4,0.0,80.5,0.7,6.3,994.6
908,2021.0,10.0,27.0,16.4,3.6,9.0,0.0,75.8,1.3,3.3,997.5
909,2021.0,10.0,28.0,18.1,2.1,8.0,0.0,82.8,0.3,2.7,996.9
910,2021.0,10.0,29.0,18.8,1.3,7.7,0.0,81.3,0.7,0.7,992.1
911,2021.0,10.0,30.0,21.3,1.3,8.9,0.0,73.8,1.7,1.3,988.8
912,2021.0,10.0,31.0,18.9,2.7,8.3,0.0,76.8,0.3,0.3,987.5
913,2019.0,11.0,1.0,3.0,-1.9,0.2,0.0,94.8,1.7,6.3,992.0
914,2019.0,11.0,2.0,12.2,-0.7,5.3,0.1,84.5,1.0,7.3,976.3
915,2019.0,11.0,3.0,20.1,4.0,11.9,0.0,76.3,3.0,5.0,968.9
916,2019.0,11.0,4.0,17.5,9.9,12.6,5.3,88.8,1.7,6.7,966.1
917,2019.0,11.0,5.0,11.2,5.6,8.2,10.8,95.8,0.7,6.3,970.9
918,2019.0,11.0,6.0,12.8,5.6,8.0,0.1,86.0,1.0,3.7,974.6
919,2019.0,11.0,7.0,12.9,3.0,6.7,0.0,85.0,1.0,3.3,979.4
920,2019.0,11.0,8.0,7.3,1.4,4.4,0.0,98.0,1.7,8.0,981.8
921,2019.0,11.0,9.0,9.4,3.9,6.7,2.6,94.5,1.7,8.0,980.5
922,2019.0,11.0,10.0,9.2,5.5,6.8,21.7,97.0,1.3,8.0,983.8
923,2019.0,11.0,11.0,9.7,4.2,5.7,0.0,87.0,1.7,4.3,987.1
924,2019.0,11.0,12.0,10.0,2.7,6.8,0.5,86.3,1.7,7.7,981.1
925,2019.0,11.0,13.0,17.4,8.0,10.5,1.5,86.8,2.0,7.7,974.1
926,2019.0,11.0,14.0,8.2,3.3,5.5,0.0,86.8,1.7,6.7,983.6
927,2019.0,11.0,15.0,11.1,6.7,8.8,0.0,97.8,1.7,8.0,983.8
928,2019.0,11.0,16.0,18.2,5.2,10.0,0.0,83.0,1.3,4.3,984.9
929,2019.0,11.0,17.0,15.7,5.9,10.2,0.0,79.5,1.7,4.7,987.0
930,2019.0,11.0,18.0,13.0,6.0,9.0,0.0,89.8,1.3,5.0,983.8
931,2019.0,11.0,19.0,12.2,3.1,6.6,0.0,82.0,1.0,3.0,992.0
932,2019.0,11.0,20.0,9.5,0.7,4.8,0.2,94.0,2.0,5.0,989.6
933,2019.0,11.0,21.0,11.7,7.0,9.5,0.6,87.0,2.0,5.3,985.8
934,2019.0,11.0,22.0,10.3,2.6,5.2,0.0,85.8,3.3,6.0,988.6
935,2019.0,11.0,23.0,7.5,0.2,3.0,0.0,88.3,2.0,3.7,987.3
936,2019.0,11.0,24.0,4.0,1.3,2.3,0.0,96.3,2.0,8.0,986.4
937,2019.0,11.0,25.0,3.8,1.5,2.7,0.0,92.5,1.3,8.0,985.8
938,2019.0,11.0,26.0,3.8,1.1,2.3,0.0,96.3,1.7,8.0,983.9
939,2019.0,11.0,27.0,5.4,0.7,2.9,0.0,97.3,1.3,8.0,976.7
940,2019.0,11.0,28.0,8.5,2.2,5.1,0.0,95.0,0.3,6.7,972.4
941,2019.0,11.0,29.0,11.1,3.9,6.8,2.2,82.3,3.3,7.0,974.3
942,2019.0,11.0,30.0,5.7,0.0,2.0,0.0,65.5,2.3,2.7,989.4
943,2020.0,11.0,1.0,10.5,1.6,5.6,0.2,93.0,1.0,7.7,992.3
944,2020.0,11.0,2.0,12.3,5.4,9.0,2.0,97.8,0.3,7.7,988.8
945,2020.0,11.0,3.0,15.9,11.6,13.5,0.1,93.0,1.0,7.7,992.4
946,2020.0,11.0,4.0,14.2,9.5,11.4,15.0,97.5,1.0,8.0,998.2
947,2020.0,11.0,5.0,10.9,5.1,6.8,0.0,89.5,1.0,4.7,1006.3
948,2020.0,11.0,6.0,11.1,1.6,6.1,0.0,84.0,2.0,7.0,1004.7
949,2020.0,11.0,7.0,11.4,6.4,7.9,0.0,93.0,0.7,3.3,1002.5
950,2020.0,11.0,8.0,14.9,3.6,7.3,0.0,86.3,0.7,2.7,997.9
951,2020.0,11.0,9.0,6.5,1.1,4.0,0.1,99.0,2.0,8.0,1000.1
952,2020.0,11.0,10.0,6.0,2.9,4.5,0.2,96.3,1.0,8.0,1001.7
953,2020.0,11.0,11.0,6.0,3.7,4.7,0.0,91.3,1.0,8.0,1000.9
954,2020.0,11.0,12.0,6.5,4.0,5.2,0.0,84.3,1.0,8.0,996.9
955,2020.0,11.0,13.0,10.6,4.6,7.5,0.0,80.8,0.7,8.0,994.9
956,2020.0,11.0,14.0,11.1,2.8,6.6,0.0,87.0,1.3,7.0,994.2
957,2020.0,11.0,15.0,14.8,3.2,7.1,0.0,87.8,0.3,4.3,992.3
958,2020.0,11.0,16.0,11.5,1.5,6.1,0.0,87.0,1.7,6.3,989.0
959,2020.0,11.0,17.0,12.7,6.5,8.9,0.0,80.8,0.7,6.3,997.4
960,2020.0,11.0,18.0,13.9,5.9,8.9,0.0,80.0,0.7,4.0,1000.1
961,2020.0,11.0,19.0,15.5,1.3,6.9,0.7,77.8,2.3,6.7,992.1
962,2020.0,11.0,20.0,8.8,1.2,4.2,0.0,70.3,2.0,4.3,998.3
963,2020.0,11.0,21.0,4.9,-1.7,0.9,0.0,80.3,1.0,3.3,1005.4
964,2020.0,11.0,22.0,9.5,-2.5,2.9,0.0,58.0,2.3,5.7,998.1
965,2020.0,11.0,23.0,6.5,4.2,5.0,0.2,71.8,2.3,7.7,996.8
966,2020.0,11.0,24.0,9.4,2.1,4.8,0.0,76.0,1.3,3.3,999.5
967,2020.0,11.0,25.0,8.0,-3.4,0.6,0.0,81.3,1.3,0.7,995.1
968,2020.0,11.0,26.0,4.2,-4.1,-0.6,0.0,86.3,2.3,0.7,994.2
969,2020.0,11.0,27.0,2.4,-1.1,0.9,3.7,90.8,1.3,8.0,993.0
970,2020.0,11.0,28.0,3.9,1.2,2.3,2.7,90.0,1.7,7.0,992.0
971,2020.0,11.0,29.0,2.3,-0.2,0.7,0.5,93.5,1.0,7.7,992.0
972,2020.0,11.0,30.0,1.7,-1.5,0.2,0.0,86.8,1.3,7.7,996.3
973,2021.0,11.0,1.0,19.1,0.3,7.3,0.3,78.0,1.3,0.0,979.7
974,2021.0,11.0,2.0,9.0,5.8,7.5,17.4,95.5,0.7,8.0,974.9
975,2021.0,11.0,3.0,16.0,3.6,8.3,0.4,81.0,1.3,2.7,979.1
976,2021.0,11.0,4.0,19.0,7.6,11.6,0.0,77.3,2.7,5.7,976.5
977,2021.0,11.0,5.0,11.8,5.5,7.7,0.0,69.3,2.3,3.0,990.1
978,2021.0,11.0,6.0,12.3,4.0,6.6,0.0,78.0,2.0,3.0,998.6
979,2021.0,11.0,7.0,12.5,-0.5,5.9,0.3,76.0,2.3,7.0,988.9
980,2021.0,11.0,8.0,10.3,5.5,7.5,0.6,80.0,2.7,7.0,990.5
981,2021.0,11.0,9.0,10.4,5.0,7.0,0.0,93.3,1.3,5.3,1000.9
982,2021.0,11.0,10.0,12.5,0.6,4.8,0.0,88.8,1.0,4.0,1000.7
983,2021.0,11.0,11.0,12.6,-0.5,4.3,0.0,83.5,0.7,1.7,996.2
984,2021.0,11.0,12.0,7.0,2.5,4.7,0.0,90.8,1.3,8.0,994.5
985,2021.0,11.0,13.0,5.4,3.0,4.1,0.0,95.5,1.3,8.0,989.9
986,2021.0,11.0,14.0,6.3,2.4,4.7,0.0,88.3,1.7,8.0,994.4
987,2021.0,11.0,15.0,6.7,3.8,5.2,0.0,92.3,3.3,8.0,1000.0
988,2021.0,11.0,16.0,6.6,3.3,4.6,0.0,93.8,1.0,8.0,998.0
989,2021.0,11.0,17.0,6.7,-0.3,3.0,0.1,93.3,0.7,6.7,993.1
990,2021.0,11.0,18.0,8.8,4.5,6.4,0.1,86.3,3.0,7.7,995.7
991,2021.0,11.0,19.0,9.1,6.1,7.7,0.0,91.8,4.3,8.0,992.7
992,2021.0,11.0,20.0,12.2,8.4,9.8,0.0,87.8,3.3,7.3,991.4
993,2021.0,11.0,21.0,10.9,5.4,7.7,0.0,83.3,1.7,5.7,982.6
994,2021.0,11.0,22.0,8.3,5.2,6.2,2.1,88.5,1.3,8.0,988.6
995,2021.0,11.0,23.0,5.8,1.5,3.5,0.4,67.3,3.0,7.3,996.5
996,2021.0,11.0,24.0,6.2,2.2,3.8,0.0,82.8,1.7,7.0,995.4
997,2021.0,11.0,25.0,7.1,-3.4,0.6,0.1,80.5,1.3,0.3,983.7
998,2021.0,11.0,26.0,4.0,-1.3,2.2,17.2,98.0,1.3,8.0,971.4
999,2021.0,11.0,27.0,6.0,1.0,3.3,0.6,82.5,1.0,7.0,967.7
1000,2021.0,11.0,28.0,4.4,1.4,3.0,0.8,95.5,1.0,8.0,967.6
1001,2021.0,11.0,29.0,4.3,0.8,1.9,0.3,86.8,2.7,8.0,969.4
1002,2021.0,11.0,30.0,4.0,0.3,2.2,3.3,79.0,4.3,7.3,972.8
1003,2019.0,12.0,1.0,4.9,-2.0,0.2,0.0,80.0,1.0,2.3,994.6
1004,2019.0,12.0,2.0,2.4,-2.0,0.7,1.1,70.8,3.0,7.7,989.4
1005,2019.0,12.0,3.0,2.7,-1.9,0.0,1.1,85.3,2.0,4.7,995.8
1006,2019.0,12.0,4.0,3.2,-4.3,-0.7,0.0,73.0,1.0,5.0,998.0
1007,2019.0,12.0,5.0,4.5,-4.7,-1.3,0.0,77.3,0.7,0.7,995.0
1008,2019.0,12.0,6.0,3.8,-4.2,-1.3,0.0,79.0,1.3,2.3,988.9
1009,2019.0,12.0,7.0,6.8,-3.9,1.6,0.1,80.5,2.3,7.0,983.4
1010,2019.0,12.0,8.0,10.1,3.9,6.0,0.5,71.3,1.7,5.3,982.3
1011,2019.0,12.0,9.0,10.3,2.7,6.2,0.0,81.5,1.3,7.0,977.3
1012,2019.0,12.0,10.0,6.7,3.1,4.3,0.0,76.0,2.3,6.3,989.1
1013,2019.0,12.0,11.0,3.2,-4.0,-1.4,0.0,85.0,1.7,0.3,989.9
1014,2019.0,12.0,12.0,4.4,-6.0,-1.3,0.0,82.8,0.3,5.0,978.6
1015,2019.0,12.0,13.0,9.1,0.2,4.1,0.0,74.8,2.3,7.0,964.7
1016,2019.0,12.0,14.0,8.0,0.6,4.4,0.3,73.8,2.3,4.7,968.1
1017,2019.0,12.0,15.0,11.5,4.0,7.9,0.3,60.5,0.7,7.0,979.1
1018,2019.0,12.0,16.0,11.1,3.6,5.8,0.0,86.5,0.7,6.0,986.2
1019,2019.0,12.0,17.0,6.9,0.0,2.9,0.0,92.3,0.0,6.0,984.2
1020,2019.0,12.0,18.0,14.1,1.5,6.9,0.0,88.5,0.3,6.3,989.4
1021,2019.0,12.0,19.0,9.3,0.7,3.8,0.0,96.8,0.7,2.7,993.9
1022,2019.0,12.0,20.0,15.4,0.9,6.8,0.0,83.3,1.3,3.0,978.6
1023,2019.0,12.0,21.0,16.2,5.2,10.6,6.8,66.0,1.3,7.0,967.3
1024,2019.0,12.0,22.0,8.7,4.5,6.3,8.1,94.0,1.7,6.7,962.3
1025,2019.0,12.0,23.0,5.9,4.2,5.2,15.1,94.8,1.7,8.0,969.1
1026,2019.0,12.0,24.0,6.5,4.7,5.5,0.0,85.0,2.7,7.7,981.2
1027,2019.0,12.0,25.0,4.9,2.5,3.7,2.9,94.0,1.0,7.7,982.1
1028,2019.0,12.0,26.0,5.0,2.8,3.6,0.4,85.3,2.0,7.7,990.8
1029,2019.0,12.0,27.0,3.6,1.7,2.5,1.4,88.5,2.0,7.3,993.7
1030,2019.0,12.0,28.0,2.3,-0.8,0.5,0.3,78.5,2.3,7.7,1003.1
1031,2019.0,12.0,29.0,0.0,-1.5,-0.9,0.0,72.3,1.3,8.0,1008.5
1032,2019.0,12.0,30.0,3.6,-3.8,0.3,0.0,67.5,1.7,7.7,1003.9
1033,2019.0,12.0,31.0,7.5,1.2,4.1,0.0,63.5,2.3,5.0,995.5
1034,2020.0,12.0,1.0,4.0,-3.3,-1.0,0.0,76.3,0.7,0.3,993.3
1035,2020.0,12.0,2.0,-1.8,-5.4,-3.9,0.0,88.0,1.0,8.0,993.7
1036,2020.0,12.0,3.0,-0.5,-6.7,-3.6,0.0,87.5,1.0,6.7,983.9
1037,2020.0,12.0,4.0,10.3,-2.7,2.6,0.0,82.0,1.7,4.7,975.9
1038,2020.0,12.0,5.0,11.3,4.4,7.2,0.0,79.8,1.0,6.3,980.2
1039,2020.0,12.0,6.0,14.2,0.7,5.2,0.0,82.5,2.0,3.7,982.2
1040,2020.0,12.0,7.0,5.0,1.4,2.4,2.0,85.3,3.3,6.7,980.5
1041,2020.0,12.0,8.0,2.5,-1.0,0.2,0.0,85.3,2.0,5.0,983.7
1042,2020.0,12.0,9.0,0.0,-2.0,-1.4,0.0,92.8,3.7,8.0,985.1
1043,2020.0,12.0,10.0,0.2,-2.8,-1.2,2.8,90.8,2.0,8.0,980.2
1044,2020.0,12.0,11.0,0.2,-2.0,-0.8,0.0,98.8,1.3,8.0,979.2
1045,2020.0,12.0,12.0,2.0,-0.8,0.7,0.5,96.0,1.3,8.0,976.6
1046,2020.0,12.0,13.0,1.9,0.1,0.7,0.2,96.5,1.0,8.0,983.8
1047,2020.0,12.0,14.0,2.9,0.0,1.2,0.0,88.5,1.0,8.0,990.2
1048,2020.0,12.0,15.0,1.5,-2.3,-0.9,0.0,94.3,1.0,8.0,990.8
1049,2020.0,12.0,16.0,4.9,-2.0,1.2,0.0,90.0,0.7,7.0,993.9
1050,2020.0,12.0,17.0,3.7,-0.4,1.8,0.0,89.8,0.7,6.0,996.3
1051,2020.0,12.0,18.0,5.9,0.9,2.8,0.0,88.8,1.7,5.0,998.6
1052,2020.0,12.0,19.0,1.3,-2.2,-0.7,0.0,98.5,0.3,8.0,997.9
1053,2020.0,12.0,20.0,-0.1,-3.0,-1.8,0.2,98.5,0.7,8.0,998.1
1054,2020.0,12.0,21.0,1.3,-2.6,-0.9,0.0,94.8,1.0,6.3,998.0
1055,2020.0,12.0,22.0,5.7,-2.6,1.7,3.4,93.8,0.7,7.7,989.7
1056,2020.0,12.0,23.0,8.7,5.1,7.1,6.0,95.0,0.7,8.0,986.7
1057,2020.0,12.0,24.0,8.7,4.3,6.2,4.5,94.0,1.3,6.0,978.7
1058,2020.0,12.0,25.0,7.0,2.3,3.9,1.3,82.0,1.0,8.0,983.7
1059,2020.0,12.0,26.0,2.9,-0.4,0.7,0.0,79.0,2.3,5.0,991.8
1060,2020.0,12.0,27.0,2.5,-5.8,-2.4,0.0,77.3,2.0,2.0,983.5
1061,2020.0,12.0,28.0,8.7,-0.9,4.1,0.1,68.5,2.0,5.7,965.1
1062,2020.0,12.0,29.0,9.9,3.9,6.4,0.0,64.5,1.3,5.0,965.8
1063,2020.0,12.0,30.0,8.0,1.2,3.7,1.8,95.0,0.7,7.7,975.6
1064,2020.0,12.0,31.0,4.2,-0.1,1.5,0.0,94.5,0.3,7.7,980.5
1065,2021.0,12.0,1.0,6.5,1.2,4.1,0.2,77.8,1.7,7.3,971.9
1066,2021.0,12.0,2.0,9.3,3.4,6.3,0.0,71.8,2.7,6.3,969.1
1067,2021.0,12.0,3.0,5.2,-0.9,1.2,0.0,70.3,3.0,2.3,981.2
1068,2021.0,12.0,4.0,4.6,-5.2,-0.8,0.9,65.8,1.3,7.0,978.1
1069,2021.0,12.0,5.0,2.6,-0.1,1.3,2.9,90.3,1.0,8.0,975.8
1070,2021.0,12.0,6.0,2.3,0.5,1.3,4.3,94.3,1.0,8.0,981.1
1071,2021.0,12.0,7.0,1.3,-1.2,-0.3,0.6,91.0,1.3,8.0,984.5
1072,2021.0,12.0,8.0,-1.0,-3.8,-2.9,0.0,91.0,2.7,8.0,982.8
1073,2021.0,12.0,9.0,-0.7,-4.0,-2.3,1.5,88.3,2.7,8.0,978.4
1074,2021.0,12.0,10.0,1.8,-2.0,-0.3,0.0,93.3,1.3,8.0,975.1
1075,2021.0,12.0,11.0,0.9,-1.4,-0.1,0.0,92.3,1.0,7.7,984.4
1076,2021.0,12.0,12.0,3.5,-3.7,-0.7,0.0,79.5,1.0,4.7,995.3
1077,2021.0,12.0,13.0,1.3,-6.2,-3.2,0.0,84.5,0.7,1.3,997.2
1078,2021.0,12.0,14.0,1.7,-4.2,-1.0,0.1,94.8,1.0,8.0,998.3
1079,2021.0,12.0,15.0,5.1,0.5,3.5,0.0,96.5,2.3,8.0,1000.5
1080,2021.0,12.0,16.0,7.0,4.7,6.0,0.0,93.0,3.0,7.7,1001.1
1081,2021.0,12.0,17.0,7.0,4.0,5.0,0.6,71.5,3.3,7.7,1000.6
1082,2021.0,12.0,18.0,4.6,2.3,3.0,1.0,81.3,3.3,8.0,1001.4
1083,2021.0,12.0,19.0,6.1,2.6,4.5,2.7,86.3,4.3,8.0,987.0
1084,2021.0,12.0,20.0,4.5,-0.9,0.9,2.3,85.3,4.7,7.3,987.6
1085,2021.0,12.0,21.0,-0.4,-4.3,-2.5,0.2,74.3,1.7,6.0,994.7
1086,2021.0,12.0,22.0,-1.4,-5.1,-3.8,0.0,82.3,1.0,4.7,998.2
1087,2021.0,12.0,23.0,-0.6,-7.6,-4.2,3.4,80.8,1.0,7.0,988.7
1088,2021.0,12.0,24.0,8.0,-1.2,3.8,3.7,84.0,2.3,7.3,971.2
1089,2021.0,12.0,25.0,8.4,-4.4,-0.8,0.2,78.5,1.0,8.0,981.6
1090,2021.0,12.0,26.0,-4.1,-10.4,-8.4,0.1,86.0,1.3,0.7,986.8
1091,2021.0,12.0,27.0,-6.7,-11.2,-8.5,0.0,93.5,1.7,8.0,985.1
1092,2021.0,12.0,28.0,-2.0,-7.2,-4.3,0.0,87.5,2.3,6.0,980.2
1093,2021.0,12.0,29.0,0.6,-4.3,-1.6,0.6,89.5,0.7,8.0,978.9
1094,2021.0,12.0,30.0,4.9,-0.8,2.2,1.7,94.3,1.7,7.3,986.5
1095,2021.0,12.0,31.0,11.9,3.6,9.2,2.6,87.8,3.7,7.7,988.0
